Dia;Dia_mes;Mes;Dia_sem;Lluvia;T_MAX;T_MIN;Viento_MAX;Viento_MED;SO2;CO;NO;NO2;PM2.5;PM10;O3;TOL;BEN;EBE;TCH;NMCH;SO2_MAX;CO_MAX;NO_MAX;NO2_MAX;PM2.5_MAX;PM10_MAX;O3_MAX;TOL_MAX;BEN_MAX;EBE_MAX;TCH_MAX;NMCH_MAX
1;1;ENE;J;0;10,7;-0,6;14;5;14,1;0,94;137,5416667;95,29166667;28,66666667;36,58333333;10,5;6,02;2,2;1,14;2,076666667;0,616666667;20;1,3;244;127;33;64;20;9,1;3,9;1,9;2,44;1
2;2;ENE;V;0;12,5;-0,4;11;5;15,4;0,96;159,375;102,5833333;21;28,75;7,428571429;7,46;2,24;1,36;2,01;0,58;22;1,5;327;165;23;36;22;11,5;4;2,4;2,31;0,92
3;3;ENE;S;0;11,7;1,4;14;8;13,7;0,84;132,2083333;90,125;19;23,91666667;8,071428571;6,95;1,95;1,116666667;2,053333333;0,566666667;20;1,5;301;143;22;30;24;12,8;3,6;2,1;2,43;0,93
4;4;ENE;D;0;14,4;1,4;12;6;14,2;0,92;120,5833333;90,45833333;18;21,41666667;11,07142857;6,516666667;2,05;1,3;1,92;0,56;22;1,5;270;141;20;33;32;11,9;3,5;2,6;2,24;0,92
5;5;ENE;L;0;12,3;2;19;9;12,4;0,8;119,2083333;84,41666667;18,33333333;23,16666667;9,714285714;6,266666667;1,816666667;1,133333333;1,983333333;0,566666667;18;1,1;248;123;22;31;25;9,9;3,1;2,4;2,31;0,94
6;6;ENE;M;0;10;1,3;10;6;11,1;0,76;95;75,79166667;23;25,16666667;9,214285714;5,183333333;1,75;0,8;2,03;0,59;15;1;235;108;24;31;22;8,5;3,3;1,5;2,38;1,03
7;7;ENE;X;0;11;1,1;15;8;12,8;0,84;124,3333333;91,79166667;19,5;25,16666667;10,57142857;6,583333333;1,916666667;1,2;1,836666667;0,516666667;19;1,1;287;136;20;33;29;10,7;3,7;2,5;2,07;0,83
8;8;ENE;J;0;12,6;0,9;19;11;13;0,73;104,9166667;86,875;15,5;22,41666667;10,5;7,85;1,583333333;1,566666667;1,726666667;0,45;21;1,1;251;123;18;37;33;18,7;2,9;4,4;1,93;0,69
9;9;ENE;V;0;13,8;2,1;15;6;15,4;0,99;159,1666667;102,875;16;26,75;8,571428571;11,53333333;2,266666667;2,066666667;1,8;0,496666667;25;1,3;310;162;18;36;21;26,3;4;4,3;2,02;0,72
10;10;ENE;S;0;13;1,8;12;5;12,2;0,76;110,9166667;84;13,5;19,83333333;10;8,166666667;1,833333333;1,633333333;1,89;0,586666667;19;1,2;259;128;14;25;21;18,9;3,4;3,8;2,33;1,07
11;11;ENE;D;0;14,1;2,5;21;11;11,6;0,65;63,66666667;67,33333333;13,5;16,16666667;12,85714286;5,416666667;1,416666667;1,15;1,766666667;0,52;18;1,1;214;110;15;21;32;14,7;2,8;3,2;2,02;0,93
12;12;ENE;L;0;12,3;4,2;24;14;11,4;0,63;76,5;66,83333333;10;17,25;20,64285714;6;1,4;1,183333333;1,636666667;0,446666667;20;1;193;103;10;24;40;14,6;2,5;2,6;1,81;0,78
13;13;ENE;M;0;12,8;2,9;24;12;9,5;0,56;63,45833333;67,20833333;15;21,33333333;12,5;6,166666667;1,35;1,316666667;1,72;0,51;15;0,8;150;92;15;29;24;17,2;2,7;3,6;1,99;0,94
14;14;ENE;X;0;8,3;2,7;14;6;8,9;0,58;70,79166667;68,75;21,5;28,5;8,928571429;6,95;1,583333333;1,45;1,883333333;0,573333333;14;0,7;122;86;22;37;16;19,8;3,2;4,4;2,16;1,07
15;15;ENE;J;1,4;11;4,9;37;18;6,3;0,37;22,66666667;52,375;13;14,58333333;19,5;5,3;1;1,183333333;1,646666667;0,48;9;0,5;50;73;15;21;30;17,5;2,6;3,7;1,91;0,93
16;16;ENE;V;4,4;8,4;3;35;17;5,6;0,32;12,375;37,08333333;7,5;8;49,64285714;3,916666667;0,75;0,75;1,486666667;0,436666667;9;0,5;44;62;11;14;71;15,9;2;3;1,66;0,84
17;17;ENE;S;0;8,6;-0,8;27;12;6,4;0,36;19,625;46,625;7,5;11;35,92857143;3,95;0,833333333;0,666666667;1,65;0,546666667;9;0,5;43;63;10;23;50;14,9;1,9;2,6;2,05;1,14
18;18;ENE;D;4,5;3,5;0,6;14;6;5,2;0,36;11,125;39,83333333;10;10,66666667;23,64285714;3,35;0,883333333;0,533333333;1,763333333;0,536666667;9;0,5;36;59;11;15;38;13,5;2,2;2,1;2,1;1,07
19;19;ENE;L;1,4;7,4;1;55;26;6,3;0,35;17,41666667;42,29166667;5;9,083333333;39,78571429;3,416666667;0,866666667;0,533333333;1,533333333;0,496666667;12;0,6;59;71;6;14;61;12,7;2,1;1,7;1,7;0,98
20;20;ENE;M;0;6,6;0;22;9;7,3;0,48;56;68,875;9,666666667;17,91666667;16,21428571;4,6;1,183333333;0,883333333;1,923333333;0,663333333;11;0,7;96;89;15;26;24;12,4;2,9;1,7;2,3;1,35
21;21;ENE;X;0,2;5,7;1;40;18;5,9;0,4;28,375;52,41666667;7,8;10,83333333;28,64285714;4,183333333;1,033333333;0,633333333;1,656666667;0,563333333;9;0,6;76;72;11;18;44;11,6;2,3;1,3;2,09;1,18
22;22;ENE;J;0,1;8,4;2,4;43;16;6,3;0,4;29;44,95833333;6,166666667;10,75;46,07142857;4,033333333;0,933333333;0,733333333;1,63;0,556666667;10;0,7;89;73;8;18;64;12,2;2,3;1,5;2,03;1,17
23;23;ENE;V;0;10;-0,1;31;17;9,4;0,64;68,33333333;65,25;10,83333333;15,58333333;27,64285714;5,233333333;1,216666667;0,866666667;1,683333333;0,54;16;0,9;153;104;15;24;66;13,9;2,8;2,1;1,84;0,98
24;24;ENE;S;0;10,9;-1,1;50;23;8,8;0,52;40,41666667;61,20833333;10,83333333;15,25;26,64285714;3,92;1;0,5;1,633333333;0,523333333;14;0,8;101;93;15;23;60;11,1;2,3;1,3;1,81;0,99
25;25;ENE;D;0;13;2,2;39;16;8,4;0,42;17,29166667;44,625;6,166666667;9,416666667;44,57142857;2,88;0,66;0,36;1,55;0,48;19;0,7;62;83;9;13;87;9,5;1,5;1;1,68;0,92
26;26;ENE;L;0;13,2;0,9;18;9;11,5;0,68;79,20833333;86;14,4;23;14,78571429;5,62;1,26;0,94;1,953333333;0,586666667;17;1,1;211;138;15;37;37;11,3;2,6;1,3;2,23;1,03
27;27;ENE;M;0;13,6;2,4;38;17;9,9;0,54;53,625;62,16666667;9,6;15,81818182;24,71428571;4,583333333;0,933333333;0,666666667;1,626666667;0,5;15;0,9;164;107;13;27;54;11,5;2;1,3;1,79;0,91
28;28;ENE;X;0;12,8;1,5;23;8;10,3;0,65;86,79166667;80,54166667;16,4;23,27272727;13,42857143;6,033333333;1,333333333;1,1;1,8;0,576666667;14;0,9;175;101;19;31;22;14,7;3,2;2,2;2,11;1,09
29;29;ENE;J;0,1;12,5;4,1;45;19;7,2;0,43;36,60869565;49,08695652;10,4;17,45454545;30,07142857;4,4;0,916666667;0,783333333;1,65;0,52;12;0,8;67;72;12;23;49;12,6;2,2;1,6;2,01;1,05
30;30;ENE;V;2;15,5;9,7;51;22;5,2;0,26;7,833333333;22,29166667;4,4;7,909090909;45;2,316666667;0,4;0,416666667;1,443333333;0,393333333;8;0,6;28;43;6;13;73;8,4;1,1;1,2;1,63;0,78
31;31;ENE;S;1,4;11,2;3,4;68;25;4,9;0,28;5,25;17,66666667;2,8;5,909090909;67,92857143;1,716666667;0,416666667;0,216666667;1,45;0,47;8;0,5;17;38;4;10;89;7;1,2;0,6;1,62;0,97
32;1;FEB;D;0;8;1,9;50;20;4,6;0,28;4;15,04166667;3,4;5,727272727;72,5;1,483333333;0,433333333;0,183333333;1,48;0,51;7;0,5;10;33;4;8;92;6,2;1,2;0,5;1,66;1,08
33;2;FEB;L;1,8;5,1;3,3;36;18;4,6;0,33;11,70833333;32,29166667;6;8,454545455;45,64285714;2,25;0,616666667;0,366666667;1,506666667;0,51;8;0,6;36;56;8;13;62;7,2;1,6;1;1,72;1,07
34;3;FEB;M;4,1;9,5;2,6;46;22;4,8;0,32;11,20833333;30,20833333;4;6,545454545;55,92857143;2,3;0,55;0,333333333;1,473333333;0,493333333;8;0,6;35;57;6;10;75;8,4;1,6;0,8;1,66;1,03
35;4;FEB;X;0;5,6;0,8;45;21;5,4;0,33;10,20833333;28,125;4,4;7,454545455;63,71428571;2,516666667;0,616666667;0,416666667;1,5;0,523333333;12;0,6;34;54;6;11;92;8,6;1,9;0,9;1,67;1,08
36;5;FEB;J;0;5,8;0,9;62;28;5,5;0,33;9,291666667;26,375;5,2;8,909090909;63,5;2,4;0,633333333;0,3;1,51;0,443333333;13;0,6;27;47;6;12;92;8,6;1,9;0,9;1,66;0,83
37;6;FEB;V;0;5,8;-0,2;36;15;6,3;0,38;14,45833333;36,54166667;5;8,545454545;50,57142857;2,683333333;0,783333333;0,35;1,536666667;0,496666667;12;0,7;41;58;6;11;76;9,1;2,1;0,9;1,7;0,97
38;7;FEB;S;0;3,5;-0,8;28;12;8,5;0,47;24,625;45,66666667;9,6;11,90909091;22,78571429;2,9;1,05;0,35;1,656666667;0,543333333;25;0,7;73;79;12;17;42;9;2,5;0,8;1,88;1,07
39;8;FEB;D;0;8,8;-1,5;30;13;8,2;0,48;18,5;38,58333333;11;12,18181818;41;2,366666667;1,05;0,3;1,603333333;0,506666667;23;0,8;37;63;12;16;61;7,9;2,4;0,7;1,82;1
40;9;FEB;L;0;10,4;0,9;41;17;8,2;0,39;12,16666667;36,79166667;9,8;13,90909091;45,5;2,383333333;0,766666667;0,316666667;1,56;0,396666667;28;0,6;45;61;11;16;67;7,5;2;0,7;1,7;0,73
41;10;FEB;M;0;9;3,4;23;7;8,3;0,43;14;49,91666667;11;16,09090909;38;2,766666667;0,816666667;0,35;1,57;0,363333333;26;0,7;47;71;14;22;50;8,3;2,1;0,8;1,73;0,71
42;11;FEB;X;0;8,8;4,9;20;11;8,1;0,42;16;53,95833333;12,16666667;17,90909091;28,64285714;3,94;1;0,54;1,625;0,505;24;0,7;51;76;14;25;47;9;2;1;1,75;0,87
43;12;FEB;J;0;11,7;4,5;20;12;8,3;0,45;30,33333333;55,41666667;15;25,58333333;26,28571429;3,916666667;0,933333333;0,716666667;1,65;0,435;20;0,7;83;75;17;34;48;9,8;2,3;1,6;1,74;0,72
44;13;FEB;V;0;12,4;3;36;17;6,3;0,42;35,875;46,58333333;18,33333333;25,16666667;36,64285714;3,866666667;0,933333333;0,583333333;1,7;0,37;10;0,7;70;67;21;35;51;8,9;2,4;0,9;2,07;0,95
45;14;FEB;S;0,1;12,4;7;42;20;4,9;0,27;5,125;20,66666667;7,833333333;11,33333333;62,57142857;1,666666667;0,466666667;0,25;1,43;0,316666667;8;0,6;18;38;11;19;84;6,5;1,2;0,6;1,69;0,83
46;15;FEB;D;4;14,9;7;37;17;4,9;0,28;5,375;20,08333333;4,666666667;6,166666667;54,21428571;1,6;0,466666667;0,233333333;1,41;0,206666667;9;0,6;16;39;6;10;76;6,2;1,3;0,5;1,63;0,5
47;16;FEB;L;0;13,3;7,8;28;12;5,8;0,31;15,83333333;36,83333333;6,166666667;8,25;41,85714286;2,316666667;0,7;0,616666667;1,416666667;0,123333333;10;0,6;38;51;8;15;60;5,9;2;2,1;1,6;0,21
48;17;FEB;M;6,2;12,1;4,5;66;26;7,1;0,29;6,291666667;20,70833333;3,5;6,5;66,07142857;1,666666667;0,45;0,316666667;1,406666667;0,133333333;24;0,6;24;39;6;10;92;3,7;1,1;0,8;1,57;0,25
49;18;FEB;X;0;11;3,9;45;19;9,2;0,36;8,625;29,70833333;5,833333333;8,25;51,57142857;1,783333333;0,533333333;0,383333333;1,433333333;0,153333333;39;0,6;35;54;8;12;81;4,6;1,3;0,9;1,59;0,29
50;19;FEB;J;0;11,7;2,8;18;10;7,2;0,47;31,875;55,04166667;13,66666667;18;33,42857143;3,083333333;0,9;0,55;1,54;0,19;12;0,7;81;80;15;25;54;5,2;2,3;1;1,79;0,37
51;20;FEB;V;0;11,4;2,1;22;11;6,9;0,53;36,91666667;60,95833333;22,16666667;25,83333333;33;3,9;1,083333333;0,666666667;1,603333333;0,24;11;0,8;66;78;24;36;42;5,7;2,7;1,4;1,92;0,5
52;21;FEB;S;3;13,2;5,2;43;23;5,2;0,35;7,375;25,5;7,833333333;9,75;61,78571429;1,416666667;0,583333333;0,35;1,426666667;0,216666667;10;0,6;23;49;9;15;76;3,2;1,7;0,8;1,63;0,5
53;22;FEB;D;0;14,2;2,5;35;15;5,7;0,36;8,833333333;34,75;5,833333333;10,41666667;50,71428571;1,633333333;0,583333333;0,333333333;1,62;0,293333333;10;0,6;33;53;9;20;65;3,3;1,7;0,7;1,89;0,71
54;23;FEB;L;0;13,9;7,4;48;22;5,1;0,3;10,43478261;24,04347826;5,8;9,181818182;49,71428571;1,633333333;0,433333333;0,383333333;1,423333333;0,293333333;10;0,6;35;46;9;17;70;3,6;1,2;0,9;1,67;0,75
55;24;FEB;M;0;11,7;4,5;49;22;5,222222222;0,355555556;8,090909091;23,18181818;4,25;8;67,15384615;1,94;0,7;0,36;1,555;0,555;9;0,6;33;43;6;13;84;3,9;1,7;0,7;1,66;1
56;25;FEB;X;0;14,4;4,4;49;21;5,777777778;0,388888889;16,60869565;35,26086957;5,2;10,27272727;56,84615385;2,56;0,8;0,48;1,65;0,57;10;0,7;52;61;7;16;72;4,4;2,1;0,7;1,83;1,02
57;26;FEB;J;0;13,6;6,8;34;15;6;0,39;22,45833333;44,83333333;7;11,25;33,78571429;2,75;0,8;0,533333333;1,556666667;0,423333333;11;0,7;68;70;11;19;49;5,1;2,2;0,9;2;1,11
58;27;FEB;V;0;14,7;7,3;29;14;7,5;0,39;24;41,70833333;6,166666667;10,25;46,28571429;2,666666667;0,716666667;0,55;1,566666667;0,446666667;20;0,7;66;61;8;15;57;4,2;1,8;1;1,99;1,15
59;28;FEB;S;0;16,8;4;31;14;7,1;0,41;20,375;43,625;7,833333333;13,91666667;36,35714286;2,383333333;0,65;0,366666667;1,53;0,45;13;0,6;54;59;11;22;53;4,1;1,7;0,7;1,83;1,17
60;1;MAR;D;0;19;9,9;31;17;4,9;0,29;6,833333333;21,08333333;5,166666667;9,833333333;49,21428571;1,333333333;0,483333333;0,25;1,453333333;0,38;9;0,6;24;41;7;17;65;2,8;1,3;0,6;1,77;1,04
61;2;MAR;L;0;18,6;8,5;21;12;5;0,34;20,29166667;33,91666667;10,33333333;15,91666667;25,5;2,316666667;0,683333333;0,45;1,54;0,416666667;9;0,6;46;49;14;24;34;5,1;2;0,9;1,94;1,11
62;3;MAR;M;0;17,4;9,4;16;9;5,8;0,42;33,875;45,20833333;19,5;25,5;14,5;3,35;0,916666667;0,733333333;1,626666667;0,466666667;10;0,7;59;64;24;36;24;6;2,4;1,6;1,99;1,2
63;4;MAR;X;0;15,3;5,6;42;21;6,8;0,39;36,04166667;37,79166667;11,16666667;17;41;3,283333333;0,833333333;0,616666667;1,583333333;0,46;13;0,7;73;55;14;22;53;5,8;2,1;1;1,92;1,15
64;5;MAR;J;0;14,9;2,6;36;17;8,3;0,32;12,91666667;36;4,833333333;9,333333333;53,71428571;1,45;0,533333333;0,283333333;1,473333333;0,43;28;0,6;46;58;7;13;71;2,6;1,3;0,6;1,71;1,1
65;6;MAR;V;0;18,6;4,6;36;17;8,4;0,5;47,66666667;60;8,5;20,16666667;37,64285714;3,216666667;0,95;0,616666667;1,576666667;0,473333333;18;0,8;113;82;12;29;50;5;2,2;1;1,86;1,18
66;7;MAR;S;0;21,3;5,6;20;11;9,7;0,57;63,29166667;70,83333333;15;26,58333333;25,21428571;4,3;1,166666667;0,833333333;1,663333333;0,46;17;0,9;140;89;20;40;42;6,7;2,5;1,4;1,96;1,07
67;8;MAR;D;0;22,6;6,5;31;15;7,8;0,41;28,625;49,58333333;10,33333333;17,66666667;38,14285714;2,816666667;0,9;0,566666667;1,643333333;0,513333333;15;0,8;76;69;14;28;64;4,4;1,9;1,1;1,93;1,29
68;9;MAR;L;0;22,1;6,5;19;10;8,5;0,47;43,20833333;65,70833333;10,16666667;22,66666667;34,07142857;3,2;0,916666667;0,583333333;1,563333333;0,426666667;14;0,8;102;88;12;33;52;4,6;2;1,1;1,83;1,04
69;10;MAR;M;0;22,9;8,5;21;10;7,7;0,48;45,08333333;69,33333333;11,4;23,63636364;28,78571429;3,933333333;0,983333333;0,75;1,606666667;0,426666667;12;0,8;113;91;14;35;46;6,4;2,3;1,2;1,95;1,03
70;11;MAR;X;0;22,4;6,3;19;9;8,9;0,54;50,625;77,54166667;19;33,25;29,07142857;4,55;1,2;1;1,65;0,433333333;13;0,9;102;105;23;47;46;6,8;2,8;1,5;1,98;1,01
71;12;MAR;J;0;21,7;8,3;24;12;8,1;0,49;45,70833333;73,20833333;21,5;33,58333333;29,92857143;4,033333333;1,1;1,033333333;1,636666667;0,49;13;0,8;86;104;26;49;47;7,1;2,8;2,6;1,96;1,19
72;13;MAR;V;0;18,4;9,2;41;19;7,9;0,36;20,45833333;43,75;15;28,58333333;40;2,75;0,716666667;0,7;1,543333333;0,46;22;0,7;51;65;19;35;55;5,1;1,9;1,6;1,83;1,16
73;14;MAR;S;0;13,8;4,5;43;19;6,3;0,3;5,25;22,08333333;3,5;9,75;70,21428571;0,983333333;0,433333333;0,183333333;1,436666667;0,326666667;15;0,6;24;43;5;18;83;1,8;1,1;0,4;1,64;0,82
74;15;MAR;D;0;9,5;2,6;30;14;6,4;0,31;4,541666667;24,75;9,833333333;12,16666667;65,28571429;0,716666667;0,45;0,166666667;1,446666667;0,22;15;0,6;16;45;12;17;85;1,4;1,2;0,3;1,63;0,5
75;16;MAR;L;0;12,8;1,7;24;12;7,1;0,42;21;47,45833333;15,5;19,66666667;45,85714286;1,766666667;0,733333333;0,383333333;1,513333333;0,32;16;0,7;53;61;19;29;57;3,7;2,1;0,8;1,76;0,76
76;17;MAR;M;0;13,9;4,9;38;19;8,3;0,34;11,41666667;43,58333333;18,33333333;26,58333333;51;2,116666667;0,7;0,366666667;1,523333333;0,373333333;29;0,6;30;67;22;34;73;4,1;1,9;0,7;1,77;0,93
77;18;MAR;X;5,4;9,3;3;32;15;7,8;0,34;8,625;36,70833333;9,166666667;12,08333333;57,78571429;1,35;0,633333333;0,266666667;1,463333333;0,37;33;0,7;35;62;11;21;80;2,4;1,5;0,5;1,66;0,94
78;19;MAR;J;2,8;12,1;5,9;45;21;7,2;0,31;3,791666667;21,04166667;7,333333333;11,25;63,14285714;0,816666667;0,5;0,183333333;1,433333333;0,36;26;0,6;16;41;8;16;82;1,7;1,2;0,5;1,65;0,94
79;20;MAR;V;3,2;13,1;8,6;58;27;7,4;0,31;5,208333333;24,08333333;11,5;15,58333333;65,21428571;1,033333333;0,55;0,283333333;1,436666667;0,393333333;24;0,6;24;47;13;20;88;2,2;1,2;0,6;1,65;1,02
80;21;MAR;S;3,7;11,9;7;41;18;7,1;0,31;4,541666667;22;6,666666667;7,916666667;61,14285714;0,783333333;0,5;0,2;1,436666667;0,373333333;23;0,6;20;45;9;13;81;1,6;1,2;0,4;1,65;0,98
81;22;MAR;D;5,2;12,5;7,7;33;7;7,9;0,32;4,458333333;21,29166667;4,833333333;8,333333333;59,07142857;0,666666667;0,533333333;0,166666667;1,45;0,386666667;30;0,6;21;42;6;16;77;1,2;1,3;0,3;1,66;1,02
82;23;MAR;L;18,6;8,7;6,2;26;13;6,8;0,41;18,66666667;46,375;7;8;31,21428571;1,933333333;0,766666667;0,3;1,463333333;0,356666667;16;0,7;49;66;10;13;59;4,3;1,9;0,5;1,66;0,9
83;24;MAR;M;0,8;14,1;6,3;45;23;7,2;0,31;6,833333333;26,41666667;4,166666667;5,75;58,71428571;1,02;0,38;0,26;1,436666667;0,313333333;20;0,6;29;49;6;10;81;2,3;0,6;0,5;1,63;0,78
84;25;MAR;X;0;10,5;3,7;57;26;5,6;0,28;6,5;19,95833333;2,833333333;6,416666667;74,92857143;1,34;0,5;0,26;1,43;0,39;12;0,6;19;36;4;11;91;3,3;1,3;0,4;1,65;1
85;26;MAR;J;0;14,9;2,5;42;17;5,6;0,31;15,95833333;34,91666667;5,6;13,54545455;46,30769231;2,1;0,725;0,35;1,456666667;0,31;10;0,6;45;54;7;26;61;4,7;1,9;0,6;1,7;0,76
86;27;MAR;V;0;20,5;8,6;28;4;6,6;0,38;25,45833333;34,875;6,6;12;35,07142857;2,28;0,74;0,56;1,463333333;0,29;11;0,7;71;52;8;18;47;5;1,9;1,3;1,7;0,71
87;28;MAR;S;0;25,3;8,7;36;14;7,5;0,4;39,25;44,04166667;12,6;18,36363636;32,42857143;3,25;0,9;1,016666667;1,593333333;0,366666667;11;0,7;97;57;15;25;49;6;2,2;2,3;1,86;0,87
88;29;MAR;D;0;23;11,1;26;11;6,111111111;0,311111111;10,43478261;32;6,75;14,1;52,07692308;1,5;0,52;0,62;1,61;0,33;9;0,5;30;50;8;27;60;3,1;1,2;2;1,77;0,54
89;30;MAR;L;0;27;13,2;28;14;6;0,35;20,875;48,5;9;19,27272727;49,64285714;2,3;0,666666667;0,833333333;1,556666667;0,256666667;9;0,6;51;70;13;28;67;4,9;1,9;2,1;1,92;0,59
90;31;MAR;M;0;26,8;12,5;29;13;6,9;0,42;34,625;55,66666667;11,8;22,45454545;41,14285714;4,98;1,06;1,28;1,536666667;0,296666667;11;0,8;66;73;14;28;56;7,5;2,4;3,9;1,78;0,66
91;1;ABR;X;0;22,5;10;32;15;5,3;0,27;7,75;28,25;6,5;12,83333333;60,35714286;1,8;0,35;0,516666667;1,423333333;0,266666667;8;0,5;35;55;8;16;80;3,6;0,9;1,7;1,59;0,65
92;2;ABR;J;0;24;7,9;30;15;4,7;0,27;6,041666667;25,75;5;12,5;65,57142857;1,116666667;0,316666667;0,233333333;1,433333333;0,293333333;8;0,5;22;45;7;22;80;1,9;0,7;0,5;1,63;0,73
93;3;ABR;V;0;24,2;12,5;28;15;4,7;0,25;7,208333333;23,20833333;3,666666667;9;51,42857143;1,016666667;0,266666667;0,216666667;1,42;0,283333333;8;0,5;35;47;4;14;63;1,9;0,6;0,4;1,63;0,7
94;4;ABR;S;0;22,4;9,8;39;22;4,6;0,23;3,416666667;17,91666667;4,166666667;11,75;67;0,866666667;0,216666667;0,25;1,393333333;0,276666667;8;0,5;18;40;5;19;83;1,7;0,5;0,8;1,55;0,68
95;5;ABR;D;0;24;9,1;36;16;4,5;0,25;4,958333333;22,375;4;9,75;69,71428571;1,016666667;0,3;0,25;1,426666667;0,31;8;0,5;18;38;4;18;85;2,4;0,9;0,7;1,63;0,78
96;6;ABR;L;0;21,2;9,8;31;15;4,9;0,26;6,875;24,75;7,166666667;16,75;64,07142857;1,316666667;0,4;0,216666667;1,446666667;0,32;8;0,5;20;43;8;28;82;3,2;1,3;0,4;1,63;0,83
97;7;ABR;M;0;18,5;9;75;20;4,8;0,29;7,583333333;23,79166667;8,333333333;17,16666667;74,14285714;1,383333333;0,433333333;0,266666667;1,466666667;0,33;8;0,5;29;41;11;21;90;3,2;1,3;0,6;1,65;0,86
98;8;ABR;X;0;18,4;7;39;17;6;0,3;5,166666667;23,41666667;7,166666667;16,5;88,28571429;1,183333333;0,433333333;0,283333333;1,44;0,306666667;19;0,5;17;42;8;22;104;3,6;1,3;0,8;1,62;0,77
99;9;ABR;J;5,8;11,9;6;30;14;6,9;0,32;7,208333333;34,91666667;8,166666667;13,75;62,57142857;1,666666667;0,566666667;0,266666667;1,466666667;0,303333333;22;0,6;28;60;9;18;87;4,3;1,5;0,5;1,63;0,76
100;10;ABR;V;0;16,9;8,4;16;8;6,7;0,34;9,375;41,41666667;15,66666667;23;56,35714286;2,133333333;0,683333333;0,4;1,466666667;0,336666667;20;0,6;23;67;17;26;76;5,5;2,1;0,8;1,66;0,86
101;11;ABR;S;0;22,2;10;46;17;6,5;0,31;8;29,08333333;11,66666667;20,83333333;59,42857143;1,566666667;0,483333333;0,283333333;1,473333333;0,363333333;18;0,6;33;49;14;26;78;3,8;1,3;0,5;1,7;0,96
102;12;ABR;D;0;21,5;11,1;36;17;5,7;0,27;3,25;21,75;13,33333333;29;72,07142857;0,95;0,35;0,25;1,44;0,35;13;0,5;12;45;16;33;84;2,8;0,9;0,6;1,64;0,93
103;13;ABR;L;0;23,4;12,9;53;25;5,1;0,3;6,25;28,45833333;15,33333333;42,25;71,64285714;1,433333333;0,433333333;0,266666667;1,466666667;0,33;8;0,6;23;53;17;49;84;3,6;1,1;0,4;1,64;0,84
104;14;ABR;M;0,1;24,8;12;53;24;4,9;0,29;8,708333333;31,33333333;15,66666667;42,75;70,64285714;1,75;0,4;0,266666667;1,453333333;0,333333333;8;0,6;31;60;17;48;86;3,5;1,1;0,5;1,66;0,83
105;15;ABR;X;17,8;18,9;11,9;33;17;6,5;0,31;10,625;35,83333333;12,83333333;29;70,14285714;2,1;0,5;0,416666667;1,426666667;0,26;18;0,6;27;57;15;36;90;5;1,6;1;1,59;0,62
106;16;ABR;J;0,2;16,9;10,6;32;15;4,7;0,27;8,291666667;27,54166667;8,166666667;12,75;57;1,633333333;0,5;0,283333333;1,453333333;0,236666667;8;0,6;29;47;12;18;75;4,1;1,5;0,6;1,69;0,59
107;17;ABR;V;0;20,1;11,5;26;12;4,7;0,31;10,25;31,29166667;11,5;18,58333333;61,42857143;2;0,55;0,35;1,456666667;0,346666667;8;0,7;37;51;14;24;80;4,6;1,6;0,8;1,71;0,91
108;18;ABR;S;0;19,1;10;47;21;4,7;0,3;12,16666667;32,5;10,66666667;20,83333333;55,42857143;1,866666667;0,483333333;0,283333333;1,603333333;0,47;8;0,6;40;50;14;26;66;4,1;1,4;0,5;1,86;1,25
109;19;ABR;D;0;18,8;7,4;50;13;4,5;0,26;4,833333333;20,54166667;4;7,75;74,57142857;0,9;0,366666667;0,166666667;1,446666667;0,446666667;7;0,5;14;39;5;13;89;2,3;1;0,3;1,69;1,22
110;20;ABR;L;0;21,6;8,8;22;12;5,444444444;0,322222222;11,43478261;38,56521739;6,333333333;12,25;59,23076923;1,783333333;0,466666667;0,283333333;1,486666667;0,47;9;0,6;37;61;8;16;76;3,3;1,2;0,6;1,72;1,24
111;21;ABR;M;0;22,4;12,1;37;18;5;0,3;7,086956522;29,95652174;6,333333333;15,83333333;76,15384615;1,966666667;0,45;0,283333333;1,463333333;0,456666667;8;0,6;23;53;8;24;85;3,8;1,3;0,6;1,68;1,22
112;22;ABR;X;0;21,8;12,1;36;16;5,222222222;0,288888889;7,043478261;27,82608696;8,333333333;18,41666667;80,15384615;1,533333333;0,45;0,25;1,466666667;0,486666667;10;0,6;19;49;11;28;88;3,6;1,4;0,5;1,72;1,33
113;23;ABR;J;0;24;10,8;30;12;5,222222222;0,344444444;16,30434783;43,65217391;12;23,5;59,15384615;2,866666667;0,65;0,4;1,533333333;0,583333333;8;0,7;39;67;14;31;72;5,6;2;0,8;1,81;1,56
114;24;ABR;V;0;22,9;12,5;30;14;6;0,366666667;21,52173913;49,69565217;13;29,33333333;50,61538462;3,516666667;0,766666667;0,55;1,596666667;0,563333333;9;0,7;46;73;14;37;68;6,2;2,2;1,1;1,88;1,48
115;25;ABR;S;0,1;18,9;11,5;39;17;4,666666667;0,244444444;4,043478261;16,30434783;5,5;13,33333333;71,92307692;0,866666667;0,3;0,15;1,433333333;0,52;8;0,5;16;36;7;23;85;2;0,7;0,3;1,7;1,46
116;26;ABR;D;21,6;15,3;9,3;63;22;4,666666667;0,266666667;3,869565217;20,56521739;4,166666667;7,416666667;59,76923077;0,883333333;0,333333333;0,15;1,473333333;0,566666667;8;0,5;11;34;6;14;77;2,2;0,9;0,3;1,79;1,59
117;27;ABR;L;0;16,7;8,2;33;15;4,777777778;0,3;8,130434783;23,69565217;4,333333333;8,75;65,53846154;1,416666667;0,45;0,233333333;1,453333333;0,583333333;8;0,6;33;50;7;15;83;3,6;1,4;0,4;1,71;1,6
118;28;ABR;M;0;19,6;8,7;29;12;5,8;0,32;12,04166667;35,625;5,666666667;11,58333333;51,85714286;2,783333333;0,533333333;0,366666667;1,496666667;0,62;13;0,7;34;52;7;20;65;6,5;1,5;0,7;1,77;1,69
119;29;ABR;X;0;21,1;10,8;32;13;5;0,29;9,166666667;27,79166667;7,5;14,33333333;64,42857143;2;0,483333333;0,283333333;1,46;0,26;9;0,6;37;48;10;20;75;4,9;1,4;0,5;1,7;0,64
120;30;ABR;J;0;23,4;10,3;28;13;5,5;0,31;19,08333333;39,04166667;9,666666667;20,33333333;51,14285714;2,95;0,633333333;0,4;1,496666667;0,133333333;9;0,6;38;59;12;33;59;5,7;1,9;0,8;1,7;0,23
121;1;MAY;V;0;23,9;13,2;26;13;4,7;0,22;4,083333333;18,83333333;7,333333333;16;55,35714286;1,216666667;0,266666667;0,166666667;1,48;0,056666667;8;0,4;17;35;9;26;66;2,4;0,6;0,4;1,81;0,1
122;2;MAY;S;0;26,6;14,3;40;15;4,6;0,2;6,458333333;15,79166667;7,333333333;14,08333333;30,35714286;1,2;0,3;0,216666667;1,436666667;0,056666667;8;0,3;19;27;9;20;47;3,1;0,9;0,4;1,69;0,1
123;3;MAY;D;0;21,6;17,1;34;15;4,7;0,23;5;21,56521739;8,8;20,54545455;50,78571429;1,166666667;0,266666667;0,183333333;1,45;0,07;8;0,4;19;41;11;30;69;2,6;0,6;0,5;1,74;0,11
124;4;MAY;L;0,1;26,9;16;52;27;5,2;0,28;14,83333333;30,95833333;11,5;28,16666667;47,5;2,25;0,466666667;0,383333333;1,466666667;0,083333333;9;0,4;34;45;13;36;61;4,9;1,5;0,7;1,6;0,13
125;5;MAY;M;0;21,1;11,5;43;18;4,9;0,24;5,333333333;16,79166667;4,833333333;10,66666667;80,64285714;1,283333333;0,35;0,2;1,396666667;0,096666667;9;0,4;22;36;7;15;94;3;1;0,4;1,57;0,17
126;6;MAY;X;0;23,4;9,8;25;12;5;0,29;11,25;35,125;7;16;65,42857143;3,28;0,6;0,4;1,466666667;0,133333333;8;0,4;27;54;9;21;78;5,2;1,5;0,7;1,67;0,21
127;7;MAY;J;0;28,2;11,1;23;11;6;0,35;20,125;54,58333333;11;26,41666667;58,07142857;3,916666667;0,75;0,633333333;1,506666667;0,14;10;0,5;49;76;13;40;79;7,4;2,1;1,2;1,69;0,19
128;8;MAY;V;0;24,7;12,9;24;12;5,1;0,27;6,958333333;24,5;8,166666667;22,58333333;70,92857143;1,966666667;0,45;0,3;1,433333333;0,096666667;9;0,5;29;49;10;37;83;3,8;1,2;0,6;1,63;0,13
129;9;MAY;S;0;28,2;13;19;10;5,2;0,33;15,66666667;43,41666667;10,33333333;19,83333333;63,35714286;2,5;0,566666667;0,4;1,523333333;0,143333333;9;0,4;42;65;13;28;78;4,9;1,6;0,7;1,7;0,18
130;10;MAY;D;0;31,5;16,4;28;12;5,3;0,32;13,33333333;39,75;13;25,58333333;71;2,533333333;0,633333333;0,4;1,52;0,153333333;10;0,5;39;71;16;35;88;5,3;1,6;1;1,66;0,19
131;11;MAY;L;0;32,4;17,5;22;11;5,7;0,36;16,08695652;48,26086957;13,2;32,18181818;70,35714286;3,133333333;0,633333333;0,45;1,536666667;0,163333333;10;0,5;50;78;18;43;86;6,3;1,8;0,8;1,69;0,19
132;12;MAY;M;0;33,6;17,5;24;11;5,7;0,35;13,43478261;53,39130435;15;36,45454545;74,14285714;3,95;0,733333333;0,616666667;1,576666667;0,17;10;0,5;42;78;16;45;93;6,3;2;1;1,74;0,21
133;13;MAY;X;0;35,8;19,9;34;17;5,9;0,4;24,95833333;64,70833333;23,6;58,18181818;44,85714286;5,1;0,933333333;0,783333333;1,58;0,196666667;11;0,6;53;97;27;71;71;8;2,6;1,3;1,73;0,25
134;14;MAY;J;0;32,9;18,5;45;20;5,1;0,29;11,625;39,20833333;17;47,25;70,92857143;2,933333333;0,533333333;0,4;1,546666667;0,17;9;0,5;41;66;20;53;89;5,3;1,6;0,7;1,85;0,23
135;15;MAY;V;0;23,2;11,9;48;24;5;0,22;2,541666667;12,58333333;4,833333333;20,83333333;85,64285714;0,816666667;0,316666667;0,133333333;1,41;0,136666667;9;0,3;9;29;6;36;95;1,4;0,7;0,3;1,54;0,2
136;16;MAY;S;0;28;10,7;44;17;4,9;0,22;2,958333333;14,25;3,5;12,75;79,64285714;0,666666667;0,2;0,116666667;1,413333333;0,143333333;8;0,3;12;36;5;43;91;1,1;0,5;0,2;1,54;0,21
137;17;MAY;D;0;30,3;13,8;36;15;5,1;0,23;6,583333333;21,5;5,333333333;14,66666667;76,85714286;0,95;0,3;0,166666667;1,41;0,153333333;9;0,3;32;45;7;27;90;1,6;0,5;0,3;1,54;0,22
138;18;MAY;L;0;31,9;16,6;28;14;5,4;0,26;8,708333333;32,54166667;9;19,83333333;77,21428571;2,083333333;0,45;0,266666667;1,46;0,173333333;10;0,4;20;57;12;28;93;4,1;1,2;0,5;1,63;0,27
139;19;MAY;M;0;23,5;12,4;49;24;5,2;0,23;5,391304348;23,34782609;6,2;21,90909091;63,64285714;1,833333333;0,283333333;0,283333333;1,433333333;0,16;9;0,4;17;42;7;29;74;3,7;0,9;0,5;1,59;0,25
140;20;MAY;X;0;21,8;7,6;44;18;5,1;0,24;5,041666667;18,33333333;4,666666667;11,91666667;79,14285714;2,06;0,34;0,26;1,43;0,17;9;0,4;19;39;6;20;90;4,2;0,7;0,4;1,55;0,27
141;21;MAY;J;0;22,5;8,5;44;21;5,2;0,22;4,583333333;16,91666667;4,333333333;11,16666667;83,57142857;1,25;0,266666667;0,166666667;1,42;0,156666667;9;0,3;18;38;6;15;93;2,4;0,7;0,3;1,55;0,27
142;22;MAY;V;0;22,7;7,8;45;20;5,1;0,23;4,375;17,29166667;5;12,66666667;83,57142857;0,966666667;0,2;0,15;1,426666667;0,173333333;9;0,4;18;42;7;17;93;1,9;0,4;0,3;1,56;0,3
143;23;MAY;S;0;24;9,7;49;22;5,1;0,21;2,708333333;11,33333333;6,166666667;14,33333333;85,64285714;0,65;0,2;0,133333333;1,413333333;0,166666667;9;0,3;10;30;8;19;93;1,3;0,4;0,2;1,55;0,31
144;24;MAY;D;0;24,7;11,4;46;21;5,1;0,19;2,333333333;10,79166667;5,333333333;12,33333333;79,5;0,483333333;0,166666667;0,1;1,403333333;0,16;9;0,3;9;28;6;17;90;0,9;0,3;0,1;1,54;0,29
145;25;MAY;L;0;26;13,7;34;15;5,1;0,23;5,666666667;20,45833333;6,666666667;13,5;74,14285714;1,466666667;0,283333333;0,166666667;1,42;0,163333333;9;0,3;17;43;7;16;86;3,6;0,8;0,3;1,55;0,29
146;26;MAY;M;0;28,1;12,6;35;16;5,2;0,22;5,791666667;20,04166667;6,166666667;12,66666667;71,57142857;1,58;0,34;0,24;1,41;0,176666667;9;0,3;20;41;7;15;82;2,5;0,8;0,4;1,54;0,32
147;27;MAY;X;0;29,5;13,4;42;22;5,1;0,24;5,083333333;23,70833333;5,833333333;12,66666667;74,85714286;1,5;0,283333333;0,2;1,426666667;0,193333333;9;0,4;21;49;7;17;89;2,4;0,6;0,4;1,56;0,35
148;28;MAY;J;0;31,5;16,5;32;14;5,4;0,28;9,041666667;38,91666667;11,5;24,16666667;82,21428571;2,783333333;0,5;0,433333333;1,473333333;0,213333333;11;0,4;31;63;14;31;98;4,4;1,5;0,8;1,64;0,38
149;29;MAY;V;0;30,4;17,8;42;19;5,6;0,29;8,375;38,83333333;10,5;27,66666667;75,07142857;3,983333333;0,5;0,433333333;1,483333333;0,206666667;12;0,5;23;67;13;38;93;5,9;1,5;0,6;1,63;0,36
150;30;MAY;S;0;30;15,2;31;15;5,4;0,25;5,833333333;31,33333333;10,83333333;17,5;76,64285714;2,35;0,416666667;0,283333333;1,466666667;0,183333333;11;0,4;20;53;13;24;94;5,1;1,4;0,5;1,62;0,31
151;31;MAY;D;0;31,1;16,4;30;13;5,3;0,23;3,791666667;23,125;9;16,75;80,28571429;1,316666667;0,316666667;0,2;1,436666667;0,19;11;0,3;13;46;12;23;93;2,6;0,8;0,3;1,6;0,35
152;1;JUN;L;0;31,8;17,6;32;13;5,4;0,28;7,958333333;32,83333333;11;24,66666667;72,57142857;2,783333333;0,433333333;0,416666667;1,463333333;0,2;11;0,4;21;54;14;36;87;5,3;1,2;1,1;1,63;0,37
153;2;JUN;M;0;32,9;18,5;27;11;5,4;0,27;8,458333333;35,58333333;12;25,75;74,35714286;2,983333333;0,483333333;0,35;1,45;0,19;11;0,4;26;59;14;31;89;5,3;1,4;0,6;1,58;0,32
154;3;JUN;X;0;34;20,1;33;17;5,7;0,26;6,291666667;32,70833333;12,66666667;29,66666667;84,5;3;0,45;0,4;1,476666667;0,19;11;0,4;18;59;15;37;98;4,9;1,4;0,9;1,59;0,34
155;4;JUN;J;0;32,3;19,2;29;14;5,3;0,2;2,416666667;17,54166667;7,833333333;17;93,85714286;1,983333333;0,25;0,2;1,486666667;0,23;11;0,3;8;36;9;25;103;3,8;0,7;0,4;1,62;0,41
156;5;JUN;V;0;32,5;18,4;29;12;6,1;0,25;5,375;29,25;10,5;24,16666667;87,71428571;1,916666667;0,366666667;0,2;1,473333333;0,21;12;0,4;21;57;12;31;100;4;1,2;0,4;1,6;0,41
157;6;JUN;S;0;34,1;19,5;31;14;5,6;0,23;3,875;24,5;11,5;26,83333333;95,92857143;1,65;0,35;0,183333333;1,466666667;0,206666667;11;0,3;23;58;14;34;107;3;0,9;0,3;1,6;0,4
158;7;JUN;D;0;34,1;21,2;34;18;5,3;0,21;2,458333333;18,91666667;9,5;21,08333333;103,3571429;0,916666667;0,216666667;0,133333333;1,436666667;0,203333333;11;0,3;8;43;11;27;119;1,7;0,5;0,2;1,58;0,39
159;8;JUN;L;0;33,3;19,7;25;10;5,4;0,25;5,833333333;32,875;9,833333333;22,16666667;99,64285714;2,05;0,433333333;0,233333333;1,453333333;0,196666667;11;0,4;20;65;13;34;114;4,4;1,3;0,5;1,59;0,34
160;9;JUN;M;0,2;32,6;19;45;20;5,3;0,23;4,583333333;27,875;11,5;33,08333333;97,14285714;2;0,333333333;0,2;1,443333333;0,196666667;11;0,4;13;53;14;49;119;3,4;1;0,4;1,57;0,36
161;10;JUN;X;3,1;27,7;16,9;35;16;5,3;0,27;6,5;34,91666667;14,66666667;24,16666667;65,14285714;2,516666667;0,516666667;0,333333333;1,52;0,186666667;11;0,4;22;60;19;32;75;5,2;1,8;0,8;1,64;0,33
162;11;JUN;J;25,8;22,6;15,1;39;16;5,3;0,25;8,666666667;32,95833333;12,6;22,27272727;54,78571429;2,26;0,52;0,3;1,453333333;0,19;11;0,4;26;55;16;30;74;5,1;1,6;0,8;1,57;0,37
163;12;JUN;V;0;23;14,5;42;18;5,1;0,2;6,791666667;24,70833333;9,4;17,90909091;61,21428571;1,84;0,36;0,18;1,49;0,206666667;11;0,4;30;57;11;23;71;3,6;0,9;0,4;1,74;0,43
164;13;JUN;S;0;22,3;15,5;41;20;4,9;0,222222222;4,458333333;25,375;8,6;17,81818182;72,35714286;1,38;0,32;0,18;1,55;0,24;11;0,4;18;56;10;23;83;3;0,8;0,4;1,82;0,51
165;14;JUN;D;0;22,4;12,8;42;19;4,7;0,18;2,708333333;12,41666667;4,8;11,27272727;82,64285714;0,54;0,16;0,1;1,4;0,19;11;0,3;12;46;7;18;87;1,2;0,3;0,1;1,53;0,39
166;15;JUN;L;4,5;20,6;11,6;30;17;5,1;0,21;5,333333333;24,91666667;4,6;10,72727273;77,57142857;1,36;0,38;0,16;1,45;0,196666667;11;0,3;17;41;5;18;87;3,8;1,2;0,4;1,63;0,41
167;16;JUN;M;0,1;25,5;12,8;24;12;5,1;0,25;7,208333333;27;6,4;10,81818182;64,92857143;1,75;0,4;0,25;1,433333333;0,19;11;0,4;19;48;8;14;75;3,6;1,1;0,5;1,56;0,38
168;17;JUN;X;0;27,1;14,8;36;19;5,1;0,22;4,875;21,91666667;7,2;14;71,42857143;1,883333333;0,266666667;0,16;1,55;0,306666667;11;0,3;18;47;8;18;80;3,7;0,5;0,3;1,88;0,47
169;18;JUN;J;0;30,2;14,8;41;19;5,2;0,27;7,041666667;28,16666667;9,8;17,09090909;88,71428571;1,833333333;0,383333333;0,3;1,466666667;0,246666667;11;0,4;31;59;12;22;104;3,1;0,9;0,6;1,62;0,44
170;19;JUN;V;0;32,7;18,2;42;17;5,1;0,23;5,375;25,33333333;9,8;15,81818182;75,92857143;1,883333333;0,3;0,233333333;1,423333333;0,22;11;0,4;19;50;12;19;85;3;0,7;0,4;1,54;0,42
171;20;JUN;S;0;33,8;17,6;37;17;5,1;0,25;6,541666667;25,125;6,8;11,81818182;86,5;1,366666667;0,3;0,2;1,43;0,243333333;11;0,4;32;54;8;15;96;2,3;0,6;0,3;1,54;0,46
172;21;JUN;D;0;35,3;20,4;30;13;5;0,24;3,625;26,20833333;11,6;20,09090909;91,14285714;1,3;0,333333333;0,183333333;1,45;0,223333333;11;0,4;15;51;13;24;102;2,8;0,9;0,3;1,59;0,43
173;22;JUN;L;0,1;34,4;22,5;35;17;5,4;0,28;10,58333333;39,79166667;16,4;30,27272727;85,78571429;2,866666667;0,583333333;0,366666667;1,48;0,226666667;13;0,5;22;76;19;36;105;6,2;2;0,9;1,62;0,44
174;23;JUN;M;11,1;32;18,6;40;20;5,2;0,24;6,458333333;32,33333333;13,4;24,72727273;80,71428571;2,32;0,52;0,32;1,56;0,29;12;0,4;15;56;15;30;95;4,6;1,3;0,6;1,58;0,44
175;24;JUN;X;0;30,6;17,7;26;12;5,1;0,255555556;5,625;29,16666667;9,2;16,36363636;87,92857143;2,216666667;0,416666667;0,45;1,436666667;0,223333333;12;0,4;15;47;11;19;96;4,6;1,1;1,2;1,56;0,45
176;25;JUN;J;0;33,1;19,5;23;10;5;0,27;7,083333333;36,83333333;12,4;22,36363636;85,71428571;2,55;0,533333333;0,383333333;1,463333333;0,243333333;12;0,4;27;62;14;28;96;6,1;1,7;1;1,61;0,48
177;26;JUN;V;0;35,4;19,9;30;12;5,5;0,33;13,04166667;54,875;16,6;30,27272727;70,64285714;4,183333333;0,75;0,65;1,563333333;0,3;13;0,6;33;86;20;38;85;7,4;2,3;1,5;1,72;0,53
178;27;JUN;S;0;37,6;21,2;28;11;5,2;0,28;6,291666667;40,45833333;17,8;29,09090909;90,5;3,05;0,5;0,316666667;1,5;0,26;13;0,5;18;69;21;34;106;4,1;1,3;0,5;1,64;0,49
179;28;JUN;D;0;39,1;22,3;34;12;5,1;0,27;6,083333333;39,20833333;17;26,72727273;89,85714286;1,933333333;0,466666667;0,316666667;1,496666667;0,273333333;13;0,4;21;63;19;31;109;4,1;1,3;0,5;1,67;0,56
180;29;JUN;L;0;39,3;24,9;30;12;5,4;0,3;10,66666667;47,33333333;19;34,45454545;92,28571429;2,733333333;0,616666667;0,366666667;1,523333333;0,306666667;13;0,5;35;77;22;40;108;5,3;1,9;0,6;1,71;0,62
181;30;JUN;M;0;38,4;24,6;39;17;5,5;0,29;8,375;41,125;18,8;45,54545455;84,07142857;3,48;0,583333333;0,4;1,703333333;0,413333333;13;0,5;24;68;20;53;100;6,1;2;1;2,05;0,96
182;1;JUL;X;0;36,7;23,1;31;15;5,4;0,24;7,458333333;36,125;14,8;36,54545455;88,07142857;2,58;0,566666667;0,333333333;1,603333333;0,33;13;0,4;22;62;17;47;99;5,9;1,9;0,6;1,85;0,74
183;2;JUL;J;0;33,4;22,5;24;10;4,8;0,21;7,375;31,33333333;8,8;24,90909091;73,71428571;1,76;0,55;0,283333333;1,523333333;0,273333333;12;0,4;28;54;12;38;85;5;1,9;0,6;1,84;0,61
184;3;JUL;V;0;37;22,8;40;19;5;0,24;4,791666667;27,25;15,8;43,45454545;85,78571429;2;0,533333333;0,216666667;1,48;0,246666667;13;0,4;18;53;18;56;100;5,3;2;0,5;1,63;0,55
185;4;JUL;S;0;37;23,4;33;18;4,9;0,24;3,708333333;23,625;13,8;36,18181818;88,21428571;1,475;0,4;0,16;1,49;0,256666667;12;0,4;13;49;16;44;96;3,5;1,3;0,3;1,62;0,57
186;5;JUL;D;0;37,1;23,5;30;13;5,2;0,27;6;35,25;16,4;38,45454545;75;1,75;0,54;0,22;1,623333333;0,31;12;0,4;23;56;18;45;91;3,8;1,5;0,4;1,81;0,64
187;6;JUL;L;0;39,9;23,8;37;17;5,2;0,3;13,45833333;51,58333333;20,4;53,09090909;54,42857143;3,075;0,74;0,32;1,58;0,336666667;12;0,5;38;84;23;64;73;6,4;2,3;0,7;1,76;0,71
188;7;JUL;M;0;38,5;23,4;43;21;5,2;0,29;17,95652174;48,91304348;19;52,90909091;57,64285714;2,725;0,38;0,32;1,636666667;0,296666667;11;0,5;48;87;22;66;77;3,3;0,6;0,6;1,85;0,56
189;8;JUL;X;0;38,6;24,3;39;18;5;0,27;10,83333333;45,58333333;14,2;34,54545455;68,57142857;2,66;0,6;0,233333333;1,523333333;0,303333333;11;0,4;29;82;15;45;84;5,5;2;0,5;1,72;0,61
190;9;JUL;J;0;39,2;22,4;35;18;4,9;0,26;6,291666667;34,04166667;12;29,72727273;87,42857143;2,783333333;0,433333333;0,15;1,47;0,31;11;0,4;30;63;13;35;105;8;1,4;0,3;1,61;0,68
191;10;JUL;V;0;37,4;22,7;40;19;4,9;0,3;11,95833333;45,04166667;14,2;31,18181818;77,71428571;3,816666667;0,616666667;0,283333333;1,576666667;0,39;11;0,6;42;88;16;37;92;7,4;1,6;0,4;1,74;0,86
192;11;JUL;S;0;37,8;22,7;24;12;4,8;0,26;4,125;30,625;12,4;27,27272727;104,3571429;2,433333333;0,433333333;0,183333333;1,516666667;0,323333333;10;0,4;11;55;15;34;119;7,7;1,3;0,4;1,74;0,73
193;12;JUL;D;0;37,9;23,6;28;13;4,6;0,22;2,958333333;24,54166667;12,4;25,90909091;99,85714286;2,116666667;0,35;0,15;1,48;0,26;10;0,3;11;49;14;30;111;7,8;0,9;0,3;1,66;0,56
194;13;JUL;L;0;39;24;31;17;5;0,27;5,5;38,95833333;14;29,27272727;106,0714286;2,916666667;0,616666667;0,283333333;1,503333333;0,27;11;0,4;32;77;16;37;127;8,9;1,4;0,9;1,7;0,56
195;14;JUL;M;0;39,4;24,7;33;16;5,2;0,28;8,333333333;44,33333333;14,4;32,18181818;101,6428571;3,383333333;0,7;0,25;1,523333333;0,32;11;0,4;31;75;16;39;124;9,3;1,7;0,5;1,7;0,67
196;15;JUL;X;0;39,6;24,9;26;13;4,9;0,28;5,958333333;44,54166667;16;36,1;108,3571429;3,683333333;0,733333333;0,333333333;1,55;0,33;10;0,4;19;77;17;46;134;8,6;1,9;0,7;1,77;0,71
197;16;JUL;J;0;38,6;24,7;35;15;4,222222222;0,311111111;8,565217391;51,26086957;21,75;55,4;78,69230769;4,04;0,9;0,5;1,52;0,37;7;0,4;27;76;24;67;98;7,2;2,3;1,2;1,76;0,63
198;17;JUL;V;0;36,4;26;28;13;4,7;0,28;4,958333333;35,54166667;16,25;41,7;95,78571429;2,966666667;0,616666667;0,216666667;1,506666667;0,263333333;11;0,4;14;59;17;51;110;7;1,5;0,4;1,66;0,53
199;18;JUL;S;0;33,2;23,3;40;18;4,3;0,2;2,739130435;19,82608696;10,4;26,09090909;96,28571429;1,716666667;0,383333333;0,133333333;1,476666667;0,213333333;10;0,3;9;41;12;32;106;5;1;0,2;1,62;0,43
200;19;JUL;D;0;34,8;23;30;13;4,3;0,2;3,458333333;19,70833333;7,4;15,72727273;63,85714286;1,566666667;0,366666667;0,116666667;1,51;0,253333333;11;0,3;13;41;8;23;73;5;0,9;0,2;1,79;0,56
201;20;JUL;L;0;36,9;23,6;23;10;4,111111111;0,233333333;8,826086957;31,08695652;9,2;17,81818182;66,15384615;2,38;0,52;0,18;1,435;0,265;7;0,3;22;49;10;24;74;4,4;1,3;0,3;1,66;0,45
202;21;JUL;M;0;37,3;23,3;39;15;3,777777778;0,222222222;10,52173913;32,69565217;10,6;21,81818182;60,69230769;2,2;0,54;0,24;1,465;0,24;7;0,3;29;47;12;26;70;6,1;1,6;0,4;1,69;0,4
203;22;JUL;X;4,9;33,9;22,1;42;17;3,777777778;0,233333333;5,347826087;28,30434783;10,6;21,63636364;70,83333333;1,88;0,42;0,16;1,395;0,23;7;0,3;19;57;12;26;90;4,4;1,4;0,3;1,59;0,39
204;23;JUL;J;0,1;36,7;21,9;35;18;4;0,233333333;6,217391304;30;9,8;17,36363636;69,58333333;1,7;0,525;0,25;1,4;0,225;8;0,3;19;52;10;22;82;4,3;1,5;0,4;1,59;0,37
205;24;JUL;V;0;34,8;22,3;35;15;5,1;0,31;11,91666667;40,41666667;11,83333333;22,5;62,92857143;2,76;0,88;0,28;1,375;0,135;12;0,6;29;69;15;28;73;6,9;2,3;0,6;1,54;0,18
206;25;JUL;S;0;33,8;20,4;32;15;5;0,2125;2,791666667;17,25;7,8;13,36363636;85,78571429;0,85;0,266666667;0,133333333;1,446666667;0,183333333;11;0,3;10;39;9;16;94;2,6;0,8;0,2;1,67;0,36
207;26;JUL;D;0,1;36,3;22,5;33;18;5,1;0,222222222;3,25;18,66666667;10,6;20,63636364;82,42857143;0,86;0,26;0,1;1,335;0,085;11;0,3;9;34;11;24;91;2,1;0,8;0,1;1,46;0,11
208;27;JUL;L;0;37,7;23,5;35;13;5,1;0,211111111;7,833333333;27;8,2;16,90909091;60,14285714;1,92;0,52;0,18;1,315;0,095;12;0,4;29;48;9;20;69;6,5;1,6;0,5;1,45;0,13
209;28;JUL;M;0;37,8;23,4;33;14;5,5;0,26;7,434782609;34,65217391;9,833333333;22,41666667;68,28571429;2,48;0,58;0,16;1,493333333;0,213333333;12;0,4;18;60;12;33;76;5,8;1,9;0,4;1,76;0,42
210;29;JUL;X;0;37,2;23;43;18;5,4;0,23;8;31,70833333;8,333333333;18,58333333;63,21428571;2,45;0,616666667;0,233333333;1,473333333;0,223333333;12;0,4;23;59;11;27;73;6,3;1,6;0,6;1,75;0,44
211;30;JUL;J;0;34,9;22,3;41;17;5,3;0,22;5,833333333;24,66666667;8,333333333;19,66666667;57,92857143;2,3;0,44;0,18;1,46;0,12;12;0,4;20;46;10;27;65;6,5;1,2;0,4;1,46;0,12
212;31;JUL;V;0;31;21,1;43;19;5,3;0,2;8;24,20833333;6,333333333;16,91666667;48,64285714;2,2;0,516666667;0,2;1,47;0,216666667;12;0,4;23;42;8;25;64;5,8;1,3;0,4;1,71;0,46
213;1;AGO;S;0;32,3;17,9;35;18;5,2;0,19;2,541666667;16,66666667;5,666666667;9,25;91;0,866666667;0,25;0,116666667;1,443333333;0,203333333;12;0,3;10;39;7;13;102;2,9;0,6;0,2;1,63;0,44
214;2;AGO;D;0;34,6;21,2;26;11;5,4;0,26;6,291666667;24,79166667;10,33333333;22;80,07142857;1,183333333;0,416666667;0,15;1,466666667;0,223333333;12;0,4;26;45;13;31;103;2,9;0,9;0,3;1,67;0,48
215;3;AGO;L;0;36;23,8;32;14;5,3;0,27;8,208333333;37,79166667;15,16666667;39,33333333;65,85714286;2,45;0,55;0,25;1,58;0,27;12;0,4;22;64;17;51;84;4,4;1,3;0,6;1,82;0,59
216;4;AGO;M;0;34,9;22,2;33;13;5,1;0,23;5,75;26,66666667;12,2;27,27272727;84,28571429;1,85;0,516666667;0,166666667;1,466666667;0,276666667;11;0,4;25;50;13;36;96;5,2;1,2;0,3;1,73;0,64
217;5;AGO;X;0;35,5;21,6;36;18;5,7;0,28;8,041666667;39,29166667;12,33333333;26,25;72,28571429;2,7;0,616666667;0,3;1,563333333;0,316666667;12;0,4;30;64;13;33;85;5,9;1,7;0,8;1,83;0,71
218;6;AGO;J;0;37,6;20,2;35;17;5,8;0,3;13,625;48,08333333;11,16666667;25,16666667;62,28571429;3,45;0,583333333;0,283333333;1,576666667;0,34;12;0,5;46;73;14;31;80;6,8;1,6;0,6;1,8;0,71
219;7;AGO;V;0;35,6;21,1;40;19;5,4;0,3;12,08695652;40,69565217;20,4;69;60,78571429;2,866666667;0,616666667;0,316666667;1,626666667;0,27;12;0,6;47;66;23;95;75;5,4;1,4;0,6;1,96;0,53
220;8;AGO;S;0;34,2;23,7;46;19;5,6;0,3;2,782608696;21;28,8;66;80,92857143;1,283333333;0,55;0,2;1,553333333;0,106666667;12;0,4;13;46;31;86;100;3,7;1,5;0,6;1,78;0,12
221;9;AGO;D;0;33,5;16,7;42;19;5,5;0,21;2,826086957;16;7,8;14,90909091;83,21428571;0,65;0,3;0,116666667;1,43;0,076666667;12;0,3;19;39;11;19;93;1,7;0,7;0,2;1,59;0,11
222;10;AGO;L;0;36,9;19,8;33;15;5,5;0,26;5,875;28,58333333;11,5;28,58333333;73,5;1,55;0,483333333;0,2;1,473333333;0,156666667;12;0,4;19;48;12;36;87;3,7;1,1;0,4;1,68;0,26
223;11;AGO;M;0;34,5;22,7;39;15;5,6;0,27;7,375;31,04166667;19,33333333;53,08333333;65;2,583333333;0,466666667;0,2;1,536666667;0,23;12;0,4;31;53;20;65;78;5,5;1,1;0,3;1,75;0,47
224;12;AGO;X;0;33,3;20,1;27;13;5,4;0,233333333;8,086956522;30,2173913;10;28,25;67,78571429;2,016666667;0,4;0,216666667;1,553333333;0,246666667;11;0,4;25;54;13;42;80;4,4;1;0,5;1,88;0,5
225;13;AGO;J;0;27,8;18;40;20;5,1;0,2;3,217391304;13,43478261;4,166666667;13,75;68,35714286;1,033333333;0,3;0,133333333;1,446666667;0,19;11;0,3;9;31;6;18;80;3,2;0,7;0,2;1,66;0,39
226;14;AGO;V;0;27,1;16,1;27;12;5,2;0,22;4,083333333;18,04166667;4,333333333;11,5;67,85714286;1,183333333;0,333333333;0,183333333;1,503333333;0,2;11;0,4;14;32;6;16;73;3,4;0,9;0,4;1,77;0,41
227;15;AGO;S;0;28,5;18,9;46;11;5,3;0,2;2,375;12,79166667;4,5;10,83333333;72,92857143;0,55;0,216666667;0,133333333;1,456666667;0,203333333;11;0,3;8;28;5;14;81;1,4;0,6;0,2;1,67;0,42
228;16;AGO;D;0;30;18,1;27;11;5,2;0,2;2,625;13;5,5;12,75;66,5;0,65;0,25;0,15;1,463333333;0,21;11;0,3;8;26;6;17;76;1,7;0,7;0,3;1,69;0,46
229;17;AGO;L;0;32;20,9;36;18;5,4;0,2;4,833333333;19,66666667;7;14,83333333;57,21428571;1,166666667;0,35;0,15;1,46;0,206666667;12;0,3;12;35;8;19;63;3,3;0,8;0,3;1,71;0,45
230;18;AGO;M;0;32,3;19,2;38;17;5,7;0,21;3,75;17,20833333;7,333333333;16,91666667;74,14285714;1,183333333;0,316666667;0,166666667;1,46;0,206666667;12;0,3;12;34;9;19;86;3;0,8;0,4;1,67;0,44
231;19;AGO;X;0;32,6;19,1;33;15;5,7;0,25;6,083333333;25,58333333;8,666666667;22,16666667;78,92857143;1,4;0,416666667;0,183333333;1,49;0,223333333;12;0,3;26;50;10;26;99;3,5;1,2;0,3;1,71;0,48
232;20;AGO;J;0;34,6;21,1;26;10;5,8;0,28;9,833333333;34,91666667;10,5;25,16666667;72,14285714;2,316666667;0,516666667;0,266666667;1,526666667;0,23;12;0,4;43;63;12;32;93;5,3;1,5;0,4;1,78;0,47
233;21;AGO;V;0;33,6;23,1;48;23;5,8;0,26;8,625;33,29166667;12,16666667;35,91666667;64,57142857;2,8;0,533333333;0,35;1,546666667;0,21;13;0,4;25;52;14;47;84;6;1,6;0,7;1,79;0,41
234;22;AGO;S;1,1;31,8;18,6;42;17;5,5;0,19;2,75;15,75;9,333333333;20,25;83,57142857;1,183333333;0,25;0,15;1,45;0,183333333;12;0,3;8;31;11;28;94;2,7;0,6;0,3;1,66;0,38
235;23;AGO;D;0;26;18;47;20;5,6;0,2;2,5;9,583333333;8,833333333;17,08333333;58,42857143;0,5;0,233333333;0,15;1,426666667;0,176666667;12;0,3;11;27;11;23;67;1,2;0,5;0,3;1,62;0,36
236;24;AGO;L;0,2;25,1;14,6;48;20;5,5;0,19;3,833333333;14,79166667;3,833333333;11,08333333;72,57142857;0,866666667;0,25;0,183333333;1,443333333;0,193333333;11;0,3;19;29;5;20;83;3,3;0,7;0,3;1,63;0,4
237;25;AGO;M;0;29,4;14,8;18;8;6;0,29;11,125;37,58333333;6,666666667;17,5;62,78571429;2,133333333;0,433333333;0,316666667;1,526666667;0,24;12;0,4;32;59;8;23;73;5,9;1,4;0,7;1,75;0,48
238;26;AGO;X;0;32,5;19,8;33;14;6,1;0,29;11,04166667;39;10,5;25,91666667;60,78571429;3,2;0,56;0,46;1,445;0,135;13;0,5;25;62;15;32;72;6,7;1,6;1,1;1,62;0,18
239;27;AGO;J;0;32,3;18,2;41;17;5,9;0,25;10,66666667;33,20833333;7,5;19,5;54,78571429;2,38;0,433333333;0,333333333;1,583333333;0,266666667;12;0,4;44;57;10;27;65;5,4;1,1;1;1,92;0,56
240;28;AGO;V;0;34,7;18,6;24;11;6,8;0,33;20,25;49,125;10;23,75;52,57142857;3,4;0,62;0,48;1,46;0,125;13;0,5;61;74;13;31;67;7,3;1,9;1,4;1,67;0,16
241;29;AGO;S;0;35,4;22,4;34;15;6;0,21;3,291666667;21,66666667;10,8;31,45454545;79,57142857;1,36;0,28;0,18;1,5;0,275;13;0,3;12;42;12;40;91;3,3;0,8;0,4;1,74;0,48
242;30;AGO;D;3,3;35,5;21,5;75;26;5,7;0,19;2,625;14,66666667;11,83333333;33,08333333;70,5;1,066666667;0,283333333;0,166666667;1,453333333;0,163333333;12;0,3;8;28;14;43;78;2,3;0,7;0,3;1,66;0,34
243;31;AGO;L;0,1;28;19,8;32;15;5,9;0,22;10,20833333;31,83333333;13,16666667;33,75;41,92857143;2,2;0,516666667;0,266666667;1,486666667;0,186666667;12;0,4;32;48;15;45;54;4,6;1,5;0,8;1,72;0,38
244;1;SEP;M;0;30,3;18,5;24;12;5,6;0,26;9,25;37,875;10,33333333;19,58333333;52,92857143;3,216666667;0,466666667;0,316666667;1,496666667;0,2;12;0,4;43;67;13;26;63;4,9;1,2;0,8;1,71;0,39
245;2;SEP;X;0;30;19,7;30;15;5,6;0,22;6,458333333;29,66666667;11;22,33333333;65,5;2,05;0,45;0,216666667;1,375;0,095;12;0,4;16;49;14;28;76;4,3;1,2;0,5;1,54;0,13
246;3;SEP;J;0;26,9;17,1;29;13;5,7;0,23;5,916666667;27,20833333;9,5;19,91666667;80,42857143;1,5;0,35;0,183333333;1,37;0,105;12;0,4;25;46;11;27;92;4,2;1,2;0,5;1,53;0,13
247;4;SEP;V;0,7;26,2;16,5;53;20;5,7;0,23;5,208333333;21,91666667;6,166666667;12,91666667;72,71428571;1,72;0,38;0,28;1,476666667;0,143333333;12;0,4;14;38;9;18;93;3,8;1,1;0,5;1,68;0,23
248;5;SEP;S;0;26,8;13,5;37;17;5,7;0,22;3,458333333;19,79166667;6,5;11,08333333;71,85714286;0,883333333;0,266666667;0,133333333;1,456666667;0,103333333;12;0,3;12;39;9;16;83;2,5;0,6;0,2;1,61;0,12
249;6;SEP;D;0;27,3;17,1;21;10;5,8;0,22;3,541666667;23,66666667;7,333333333;13,5;74,85714286;1,02;0,26;0,12;1,483333333;0,113333333;12;0,3;9;41;10;17;85;2,6;0,8;0,2;1,66;0,13
250;7;SEP;L;0,9;27,8;16,5;24;12;6;0,26;7,75;31,75;7,666666667;16,33333333;59;1,9;0,42;0,24;1,52;0,12;12;0,4;23;51;9;21;69;4,6;1,4;0,6;1,72;0,16
251;8;SEP;M;0,1;28,2;14,4;28;12;6,1;0,29;11,5;38,75;9,5;15,75;61;2,625;0,7;0,4;1,583333333;0,15;12;0,4;27;56;12;23;72;5,3;1,8;0,9;1,74;0,21
252;9;SEP;X;0;28,6;15,9;35;14;6,7;0,31;13,45833333;47,45833333;10,83333333;21,66666667;53,71428571;3,34;0,6;0,4;1,543333333;0,17;13;0,5;33;68;14;30;67;5,9;1,8;1;1,73;0,24
253;10;SEP;J;0;28,3;17,8;32;13;6,1;0,3;13,5;41,04166667;8,5;19,5;46,28571429;3,36;0,76;0,5;1,533333333;0,176666667;13;0,5;43;63;12;28;60;6,6;2;1,2;1,73;0,25
254;11;SEP;V;0;30,1;16,8;33;14;6,4;0,35;18,16666667;46,95833333;9;19,83333333;48,92857143;3,433333333;0,65;0,433333333;1,573333333;0,186666667;13;0,5;46;72;13;29;61;5,8;1,8;0,8;1,73;0,24
255;12;SEP;S;0;27,7;19,6;33;15;6,5;0,3;10,04166667;39,95833333;10,16666667;21,66666667;49,78571429;2,933333333;0,633333333;0,4;1,7;0,183333333;13;0,4;40;54;13;31;64;5,2;1,7;0,8;1,87;0,26
256;13;SEP;D;0;24,8;17,8;49;23;6;0,2;3;13,08333333;5,333333333;16,5;79,69230769;0,666666667;0,25;0,166666667;1,45;0,13;12;0,3;12;32;7;23;89;1,6;0,6;0,4;1,61;0,21
257;14;SEP;L;0,1;24,2;13,8;39;16;6,1;0,23;6,625;20,08333333;5,333333333;10,41666667;58,15384615;1,083333333;0,366666667;0,166666667;1,453333333;0,123333333;12;0,4;29;37;7;16;73;3;1;0,3;1,62;0,2
258;15;SEP;M;1;19,8;15;47;19;6,2;0,25;6,416666667;27,91666667;6,5;16,25;59,35714286;1,583333333;0,466666667;0,25;1,473333333;0,14;12;0,4;36;50;8;21;69;4,3;1,1;0,6;1,65;0,21
259;16;SEP;X;7,8;22,1;15,3;64;24;6;0,2;6;20,25;5,166666667;13,75;45,78571429;1,616666667;0,45;0,25;1,5;0,12;12;0,4;23;35;8;20;66;4,6;1,3;0,6;1,79;0,2
260;17;SEP;J;0;20,5;10,4;33;15;6,1;0,26;9,541666667;28,29166667;4,666666667;8,75;49,92857143;1,65;0,466666667;0,25;1,473333333;0,143333333;12;0,4;40;47;6;12;64;4,4;1,5;0,7;1,64;0,21
261;18;SEP;V;0;23,9;11,5;21;12;6,7;0,36;25,41666667;45,25;6;11,33333333;41,92857143;2,883333333;0,616666667;0,4;1,556666667;0,186666667;13;0,5;60;63;9;16;56;6,2;1,8;1,1;1,72;0,25
262;19;SEP;S;0;25,9;13,8;26;13;6,1;0,34;22,375;43,79166667;9,2;15,36363636;50,28571429;3,433333333;0,716666667;0,716666667;1,6;0,22;13;0,5;56;62;12;22;61;7;2;2;1,82;0,34
263;20;SEP;D;0;28,1;14,5;22;10;6;0,3;13,41666667;42,70833333;9,666666667;16,66666667;56,71428571;2,5;0,566666667;0,366666667;1,57;0,186666667;13;0,5;34;56;13;25;77;5,2;1,7;0,7;1,75;0,26
264;21;SEP;L;0;29,5;14,6;27;13;6;0,35;22,25;54,83333333;11,33333333;19,58333333;57,64285714;3,06;0,66;0,48;1,57;0,19;13;0,5;53;78;15;29;73;6,8;2,2;0,8;1,77;0,29
265;22;SEP;M;0;29;14,1;36;15;6,3;0,33;28,875;51,16666667;9,5;20,75;61,42857143;4,14;0,76;0,52;1,66;0,226666667;13;0,5;48;75;13;29;90;6,9;2,2;1;1,92;0,36
266;23;SEP;X;0;24,5;15,3;37;18;5,8;0,27;8,708333333;31,5;6,5;12,83333333;50,5;1,96;0,42;0,22;1,52;0,166666667;12;0,4;25;47;9;17;60;4,3;1,2;0,5;1,7;0,26
267;24;SEP;J;0;27,1;14,1;26;11;6,4;0,31;16,95833333;39,625;6,5;12,16666667;42,85714286;2,55;0,533333333;0,483333333;1,516666667;0,176666667;12;0,4;52;63;9;18;58;4,7;1,4;1,2;1,65;0,25
268;25;SEP;V;0;29,2;16,4;25;11;6,3;0,37;25,08695652;51,60869565;9,5;17,41666667;45,53846154;3,166666667;0,566666667;0,433333333;1,536666667;0,21;12;0,6;87;75;11;23;59;5,3;1,7;1,1;1,7;0,3
269;26;SEP;S;0;28,6;17,1;40;17;6,5;0,36;24,47826087;49,69565217;10,66666667;19,41666667;43,84615385;3,25;0,616666667;0,483333333;1,55;0,206666667;12;0,6;85;74;13;31;64;5,6;1,8;1,2;1,71;0,29
270;27;SEP;D;0;27,1;16,5;31;14;5,8;0,29;9,666666667;37,875;8;16,66666667;57,23076923;2,26;0,54;0,3;1,45;0,135;11;0,4;45;61;10;22;79;4,1;1,4;0,7;1,64;0,17
271;28;SEP;L;0;24,7;14,4;25;13;5,8;0,25;8;31,875;7;15,5;53,53846154;2,14;0,46;0,32;1,43;0,115;11;0,4;25;52;10;24;66;4,3;1,2;0,5;1,61;0,14
272;29;SEP;M;0;23,8;13,1;24;12;6;0,29;13,75;36,29166667;8,666666667;16,33333333;52,14285714;2,566666667;0,716666667;0,383333333;1,533333333;0,163333333;11;0,4;31;54;10;22;61;4,6;1,5;0,7;1,71;0,26
273;30;SEP;X;0;23,4;15,3;21;10;5,777777778;0,29;10,41666667;40,45833333;8;16,33333333;53,78571429;2,633333333;0,716666667;0,5;1,566666667;0,173333333;11;0,4;27;60;10;25;66;6;2,2;1,3;1,75;0,26
274;1;OCT;J;0;25,4;12,8;32;14;6,444444444;0,35;26,41666667;52,08333333;11,5;21,33333333;41,71428571;4,733333333;0,916666667;0,683333333;1,576666667;0,21;11;0,6;53;80;14;31;52;6,8;2,4;1,7;1,74;0,3
275;2;OCT;V;0;24,9;14,7;35;17;5,6;0,27;11,75;34,75;9;19,58333333;59,5;2,583333333;0,566666667;0,35;1,52;0,19;11;0,5;40;71;11;26;82;5,2;1,4;0,6;1,73;0,32
276;3;OCT;S;0;24,4;15;34;14;6,1;0,28;12,75;43,08333333;12;22,58333333;43,92857143;2,666666667;0,666666667;0,383333333;1,676666667;0,21;11;0,4;35;73;14;32;66;4,9;1,7;0,7;2,02;0,34
277;4;OCT;D;0,4;21,4;15,4;33;16;6,2;0,25;6,583333333;28;12,5;25,75;35,71428571;1,733333333;0,55;0,233333333;1,583333333;0,163333333;11;0,4;20;42;14;35;49;3,8;1,4;0,5;1,87;0,28
278;5;OCT;L;10,1;22,4;16,7;48;21;6;0,22;8,666666667;25,125;11,33333333;23,41666667;34,57142857;1,98;0,54;0,28;1,36;0,08;12;0,4;30;46;14;29;51;4,8;1,7;0,8;1,54;0,11
279;6;OCT;M;0;20,7;14,6;45;18;5,9;0,22;6,75;20,625;5;10,33333333;41,78571429;1,516666667;0,583333333;0,233333333;1,476666667;0,136666667;11;0,4;31;47;7;15;58;3,5;1,5;0,4;1,65;0,24
280;7;OCT;X;0;20,5;12,5;18;10;6,4;0,32;21,33333333;43,54166667;7,333333333;13,83333333;33,07142857;4,133333333;0,766666667;0,483333333;1,566666667;0,196666667;11;0,4;53;60;9;18;43;7,7;1,8;1,1;1,78;0,34
281;8;OCT;J;0;22;11,6;31;12;6,7;0,37;33,54166667;48,70833333;9,5;17,75;36,28571429;4,3;0,9;0,733333333;1,543333333;0,196666667;12;0,5;94;71;12;21;49;9,2;2,4;2;1,72;0,31
282;9;OCT;V;0;21,5;11,9;19;10;7;0,44;42,33333333;60,79166667;12,16666667;21,33333333;26,85714286;5,316666667;1;0,85;1,67;0,226666667;13;0,6;109;79;14;24;41;9,3;2,6;1,9;1,86;0,35
283;10;OCT;S;0;22,3;11,3;26;10;6,8;0,39;27,375;50,29166667;13,33333333;22,75;34,57142857;4,25;0,933333333;0,75;1,616666667;0,213333333;13;0,8;72;78;19;30;46;6,9;2,2;1,6;1,78;0,31
284;11;OCT;D;4,1;20,2;14,1;29;13;5,7;0,25;6,416666667;24,125;9;13,16666667;36,78571429;1,65;0,466666667;0,216666667;1,556666667;0,146666667;12;0,4;21;41;11;17;55;3,4;1,1;0,3;1,74;0,24
285;12;OCT;L;0;21,4;15,3;24;12;5,7;0,25;8,708333333;26,375;5,166666667;9,416666667;26,42857143;1,783333333;0,483333333;0,266666667;1,63;0,153333333;11;0,3;32;38;7;12;44;4,3;1,4;0,6;1,76;0,26
286;13;OCT;M;2,4;16;11,8;39;16;5,9;0,34;25,54166667;39,41666667;9,166666667;12,75;19,35714286;3,85;0,8;0,4;1,623333333;0,193333333;12;0,5;82;59;12;17;31;5,7;1,8;0,6;1,79;0,3
287;14;OCT;X;0;17,1;7,7;19;10;6,8;0,41;33,70833333;47;12,83333333;17,83333333;24,92857143;3,866666667;1,033333333;0,816666667;1,6;0,213333333;12;0,5;79;65;16;23;37;6,6;2,4;1,8;1,78;0,33
288;15;OCT;J;0,1;19,1;7,5;21;10;6,7;0,42;39,08333333;60,91666667;12,75;19,5;25,85714286;4,38;0,74;0,58;1,606666667;0,236666667;13;0,5;95;78;15;23;46;5,4;1;0,9;1,8;0,38
289;16;OCT;V;0;20,5;8,7;17;9;7,8;0,54;66,5;71,375;15;25,5;23;6,6;1,18;1;1,7;0,283333333;15;0,8;147;101;18;31;42;9,4;1,9;1,8;1,89;0,4
290;17;OCT;S;7,5;21,5;13,2;20;11;5,7;0,36;16,08333333;44,58333333;14,33333333;22,72727273;29,92307692;3,116666667;0,85;0,583333333;1,593333333;0,186666667;12;0,5;64;66;16;27;50;5,1;1,8;1;1,74;0,27
291;18;OCT;D;20,5;18,4;13,8;23;9;6;0,31;12,45833333;34,75;10,5;15,09090909;20,84615385;2,266666667;0,616666667;0,333333333;1,683333333;0,163333333;11;0,4;47;51;12;20;36;4,5;1,6;0,7;1,83;0,25
292;19;OCT;L;3,2;19;14,2;21;10;6,4;0,34;17,70833333;40,75;9,166666667;13,63636364;26,61538462;3,05;0,7;0,466666667;1,55;0,166666667;12;0,5;75;59;11;16;43;5,1;1,9;0,9;1,68;0,26
293;20;OCT;M;0,1;20;13,3;46;20;7,7;0,3;11,16666667;32,58333333;5,833333333;10,91666667;33,14285714;2,233333333;0,566666667;0,233333333;1,516666667;0,183333333;19;0,4;50;56;8;14;51;3,6;1,1;0,5;1,66;0,28
294;21;OCT;X;0;16,6;7,5;26;11;7,3;0,4;29,70833333;43,625;9;14,36363636;28,71428571;3,3;1;0,44;1,48;0,15;14;0,5;82;63;11;17;39;5,3;2,3;0,9;1,68;0,17
295;22;OCT;J;0;18,8;7,7;18;8;7,6;0,5;49,54166667;63,04166667;13,16666667;21,91666667;17,64285714;5,48;1,18;0,84;1,56;0,19;15;0,6;117;81;16;28;29;7,4;2,6;1,6;1,78;0,23
296;23;OCT;V;0;19;9,8;25;12;8,3;0,59;79,75;62,70833333;13,83333333;25,25;13,57142857;6,76;1,42;1,24;1,583333333;0,19;16;0,7;161;79;17;33;28;8,9;2,9;2,5;1,86;0,27
297;24;OCT;S;0;20,1;12;17;8;9;0,54;59,30434783;56,43478261;16,33333333;24,75;17,85714286;5,8;1,35;1,125;1,59;0,185;15;0,7;132;72;19;31;33;7,5;2,7;2;1,82;0,23
298;25;OCT;D;0;20,4;13,4;24;11;6,9;0,33;17,08333333;34,45833333;11,16666667;16,33333333;36,42857143;2,46;0,72;0,36;1,6;0,135;14;0,4;68;58;13;20;57;4,3;1,7;0,7;1,83;0,15
299;26;OCT;L;0,6;17,7;13,8;21;9;6,4;0,31;12,58333333;34,125;10,5;15,66666667;32,71428571;2,36;0,62;0,3;1,54;0,11;13;0,4;42;53;11;18;46;4,5;1,7;0,7;1,75;0,12
300;27;OCT;M;1,6;15,8;9,9;45;22;6,2;0,26;9,541666667;28,91666667;6,666666667;9,916666667;44,5;2,25;0,75;0,35;1,413333333;0,106666667;13;0,4;30;45;9;14;64;4,7;2,2;1;1,73;0,12
301;28;OCT;X;0,1;15,3;8,5;38;10;5,7;0,26;8,166666667;25,54166667;4,666666667;9,416666667;53,92857143;2,25;0,966666667;0,35;1,37;0,103333333;12;0,4;33;49;7;13;81;5,3;3,7;1,1;1,59;0,12
302;29;OCT;J;0;16,3;11,5;17;4;6,3;0,33;22,125;40,79166667;8,2;15,63636364;36,71428571;4,133333333;1,033333333;0,65;1,4;0,11;13;0,5;63;60;12;20;63;10,4;2,7;2;1,63;0,14
303;30;OCT;V;0;20,3;10,9;19;9;7,7;0,52;54,08333333;54,5;14,33333333;21,83333333;19,28571429;7,816666667;1,483333333;1,333333333;1,495;0,145;15;0,8;150;71;18;27;29;15,6;3,3;3,5;1,64;0,16
304;31;OCT;S;0;19,7;13;25;12;7,6;0,34;11,66666667;34,125;11,83333333;18,08333333;41,07142857;2,34;0,54;0,2;1,345;0,065;16;0,5;55;64;14;26;57;3,4;1,2;0,3;1,35;0,1
305;1;NOV;D;0;18,8;14,7;42;22;8,8;0,31;5,208333333;24,20833333;7,5;11,83333333;53,85714286;1,683333333;1,066666667;0,3;1,316666667;0,07;24;0,5;16;44;10;15;77;3,9;4,3;1;1,39;0,1
306;2;NOV;L;26,6;16,2;10,3;40;19;6,4;0,3;8,291666667;33,16666667;5,166666667;8,416666667;47,78571429;2,083333333;0,816666667;0,4;1,29;0,056666667;12;0,4;26;51;7;11;68;3,9;2,3;1;1,33;0,1
307;3;NOV;M;2,4;14,3;9,8;31;12;6,2;0,32;13,29166667;37,29166667;5,666666667;10,58333333;37,78571429;2,16;0,62;0,26;1,323333333;0,056666667;12;0,6;42;57;8;16;60;4,4;1,6;0,6;1,41;0,1
308;4;NOV;X;0,3;16;10,9;17;9;6,333333333;0,4;36,68181818;51,90909091;12,6;19,81818182;14,08333333;5,58;1,1;1;1,315;0,08;12;0,5;81;65;16;26;27;13,7;2,3;3,1;1,38;0,08
309;5;NOV;J;0,1;17,4;12,9;22;10;6,111111111;0,433333333;47,2173913;51,08695652;10,4;19,27272727;20,69230769;7,5;1,46;1,32;1,4;0,085;12;0,7;113;72;12;27;35;21,2;3,7;4,3;1,58;0,12
310;6;NOV;V;0;19,7;11,8;13;6;8,9;0,69;102,1666667;65,33333333;23,16666667;32,83333333;12,57142857;11,5;2,083333333;2,15;1,483333333;0,143333333;17;1;175;92;28;41;24;26,6;3,8;5,3;1,68;0,18
311;7;NOV;S;0,1;21,5;12,1;14;8;8,1;0,522222222;54,13043478;47,2173913;17,33333333;22,16666667;17,76923077;6,883333333;1,5;1,083333333;1,373333333;0,226666667;15;0,8;161;71;22;30;33;12,7;2,8;2,6;1,45;0,5
312;8;NOV;D;0;21;13,4;22;12;8;0,44;38,83333333;41,91666667;10,5;14,91666667;24,64285714;4,216666667;1,05;0,65;1,336666667;0,106666667;16;0,6;96;62;14;21;40;7,8;2;1,6;1,43;0,18
313;9;NOV;L;0;20,6;10,9;16;8;8,2;0,52;61,82608696;54,73913043;12,16666667;18,08333333;20,28571429;6,533333333;1,4;1,016666667;1,353333333;0,14;17;0,7;135;77;14;22;39;11,3;2,6;2,4;1,44;0,25
314;10;NOV;M;0;19,8;10,2;18;10;10,7;0,71;115,5217391;79,43478261;20,33333333;30,33333333;10,71428571;12,71666667;2,416666667;2,25;1,46;0,206666667;20;1;246;114;26;42;26;29,1;4,7;5,6;1,59;0,29
315;11;NOV;X;0;19,7;8,8;13;5;11,5;0,78;132,0833333;84,875;22,5;32,75;10,5;14,16666667;2,633333333;2,45;1,513333333;0,27;21;1,1;257;123;28;45;27;23,6;3,8;4,7;1,68;0,45
316;12;NOV;J;0;19,3;8,5;12;5;10,7;0,69;105,5416667;80,41666667;18,5;29,58333333;15;11,26666667;2,066666667;1,883333333;1,476666667;0,183333333;20;0,9;252;111;25;39;34;18,5;3,2;3,2;1,67;0,25
317;13;NOV;V;0;19,2;8,2;30;16;10,6;0,61;73,375;67,04166667;16;25,08333333;18,35714286;8,866666667;1,566666667;1,216666667;1,37;0,15;19;0,9;203;101;20;33;44;14;2,6;2,1;1,49;0,19
318;14;NOV;S;0;16,2;10,2;34;16;7,4;0,46;46,17391304;47,73913043;13,33333333;20,66666667;26,28571429;5,683333333;1,1;0,833333333;1,333333333;0,113333333;15;0,6;87;62;17;26;51;16,2;2,4;2,5;1,46;0,21
319;15;NOV;D;0;17,4;7,6;15;9;8;0,5;52,08695652;50,91304348;17,83333333;22,83333333;17,21428571;5,383333333;1,366666667;0,75;1,383333333;0,126666667;15;0,7;154;72;21;29;39;12,1;2,9;2,1;1,44;0,21
320;16;NOV;L;0;16,5;7,3;15;6;9,3;0,6;87,95652174;66,47826087;26,5;34,25;11,78571429;6,016666667;1,566666667;0,95;1,483333333;0,153333333;17;0,9;224;92;29;40;33;8,4;2,9;1,9;1,61;0,24
321;17;NOV;M;0;15,9;6,4;12;6;9,4;0,64;96,54166667;70,66666667;33,16666667;42,58333333;10,14285714;7,75;1,55;1,316666667;1,573333333;0,173333333;17;0,8;218;100;36;52;28;10,2;3,2;2,8;1,73;0,26
322;18;NOV;X;0;18,4;6,4;10;5;11,3;0,73;113,25;76,125;23;34,58333333;10,07142857;8,7;1,65;1,316666667;1,516666667;0,176666667;18;1,1;222;101;32;49;25;10,6;2,8;1,7;1,62;0,26
323;19;NOV;J;0;19;8,5;10;6;10,9;0,75;123,5;76,91666667;21;34,33333333;10;9,433333333;1,85;1,483333333;1,51;0,186666667;18;1;236;104;24;42;21;12,5;3,6;2,2;1,68;0,26
324;20;NOV;V;0;18,7;8,5;32;11;9,7;0,59;86,83333333;62,66666667;21,16666667;30,66666667;13,85714286;7,04;1,58;1,04;1,533333333;0,163333333;17;0,9;152;93;28;44;28;10,2;2,9;1,5;1,74;0,2
325;21;NOV;S;0,6;15,9;4,4;55;21;6,4;0,24;7;22,58333333;6,666666667;14;51;1,266666667;0,366666667;0,166666667;1,24;0,086666667;14;0,4;23;43;8;17;73;3,1;0,9;0,3;1,34;0,15
326;22;NOV;D;0;9,2;3,8;30;13;5,6;0,27;8,083333333;28,54166667;3,5;6,333333333;48,61538462;1,05;0,45;0,166666667;1,256666667;0,093333333;13;0,4;29;43;5;8;74;3;1,3;0,3;1,35;0,17
327;23;NOV;L;0;10,4;2,9;37;17;8;0,288888889;18,16666667;39,70833333;3,8;8,454545455;37,46153846;1,9;0,566666667;0,216666667;1,283333333;0,106666667;18;0,4;60;64;5;10;55;3,9;1,5;0,4;1,4;0,17
328;24;NOV;M;0;10,9;2,3;14;6;9;0,54;71,75;74,79166667;13,16666667;22,5;14,35714286;5,166666667;1,233333333;0,8;1,533333333;0,176666667;18;0,7;120;102;17;29;29;8;2,8;1,9;1,69;0,31
329;25;NOV;X;0;15,8;6,7;38;17;7,3;0,33;20,25;38,45833333;5,833333333;12,33333333;44,92857143;2,866666667;0,766666667;0,483333333;1,356666667;0,116666667;15;0,5;54;70;8;22;84;5,7;2;1,3;1,5;0,22
330;26;NOV;J;0;16,1;6,3;40;17;10,3;0,52;60,04166667;61,58333333;9,5;19,25;36;4,75;1,066666667;0,733333333;1,34;0,15;19;0,8;173;106;13;25;60;7,2;2,4;1,5;1,48;0,22
331;27;NOV;V;0;16,2;7,4;45;17;9,2;0,477777778;47,69565217;56,95652174;9;15,25;33,30769231;4,383333333;0,933333333;0,6;1,303333333;0,123333333;19;0,7;108;88;12;22;57;6,2;2,1;1,2;1,48;0,16
332;28;NOV;S;0;15,3;5,1;25;14;10,2;0,51;54,375;55,375;11;17,33333333;23,42857143;4,333333333;1,066666667;0,65;1,416666667;0,163333333;23;0,7;94;76;16;27;49;6,2;2,4;1,4;1,59;0,24
333;29;NOV;D;0;12,6;2,4;13;5;9,3;0,56;55,75;60,20833333;14,5;19,16666667;20,64285714;3,366666667;1,166666667;0,5;1,386666667;0,14;18;0,8;133;87;18;25;45;5,4;2,2;1;1,51;0,21
334;30;NOV;L;0;14,8;2,2;16;8;13,8;0,79;117,0833333;85,83333333;19,16666667;28,58333333;13,42857143;9,45;2,116666667;1,416666667;1,5;0,2;26;1,1;276;131;27;44;33;18,6;3,2;3,2;1,67;0,24
335;1;DIC;M;0;14,6;3;14;6;13,3;0,82;124,625;91,58333333;19,5;31,41666667;12,28571429;8,56;1,633333333;1,333333333;1,51;0,206666667;21;1,2;277;133;29;51;33;15,4;2,7;2;1,58;0,31
336;2;DIC;X;0;13,4;4,4;11;5;15,5;0,96;168;104,875;32,16666667;45,75;7,785714286;11,51666667;2,35;2,016666667;1,653333333;0,243333333;26;1,4;337;147;40;65;25;15,4;4,1;3,5;1,9;0,31
337;3;DIC;J;0;14,7;4,3;12;11;13;0,83;130,2916667;88,125;28,5;39,33333333;9,928571429;10,23333333;2,166666667;1,616666667;1,56;0,193333333;21;1,1;291;130;33;60;27;18,1;3,6;2,9;1,72;0,25
338;4;DIC;V;0;16,3;6,2;16;7;15,6;0,97;158,2916667;93,66666667;29,66666667;44,25;8,214285714;11,34;2,52;2,14;1,553333333;0,213333333;23;1,4;323;138;35;59;26;18,6;3,7;3,7;1,7;0,29
339;5;DIC;S;0;16,6;7,6;15;8;12;0,74;97,33333333;73,91666667;25,16666667;34,58333333;11,28571429;8,516666667;1,966666667;1,466666667;1,583333333;0,186666667;22;1;228;109;30;49;29;14;3,1;2,6;1,84;0,24
340;6;DIC;D;0;15,5;6,5;14;8;9,8;0,56;58,16666667;55,25;18,5;23,91666667;16;4,333333333;1,216666667;0,683333333;1,453333333;0,133333333;18;0,8;164;83;23;33;37;6,7;2,3;1,2;1,58;0,21
341;7;DIC;L;0;11,6;7,6;17;8;9,4;0,5;40,29166667;55,33333333;18,66666667;24;12,21428571;3,666666667;1;0,433333333;1,346666667;0,113333333;17;0,8;136;77;22;32;31;4,9;2;0,7;1,44;0,17
342;8;DIC;M;0;13,9;7,8;14;7;10,5;0,5;43,83333333;53,5;26,5;29,41666667;10,57142857;3,65;1,183333333;0,516666667;1,403333333;0,126666667;18;0,7;123;75;30;42;28;5,4;2,5;0,9;1,47;0,18
343;9;DIC;X;0;14,5;8,4;30;15;10,8;0,57;68,04166667;58,29166667;14,5;19,91666667;16,84615385;4,75;1,166666667;0,8;1,343333333;0,126666667;19;0,8;197;92;21;31;35;7,4;2,2;1,3;1,43;0,18
344;10;DIC;J;0;13,5;8,1;18;10;10,6;0,55;57,5;59,58333333;16,83333333;21,16666667;14,71428571;4,633333333;1,116666667;0,683333333;1,336666667;0,116666667;22;0,8;181;91;19;32;30;6,8;2,3;1,1;1,43;0,17
345;11;DIC;V;0;13,8;9;19;8;10,2;0,46;34,04166667;53,625;12,33333333;17,66666667;17,92857143;3,616666667;0,85;0,416666667;1,323333333;0,113333333;28;0,6;90;76;14;26;36;4,5;1,7;0,7;1,41;0,21
346;12;DIC;S;0;12;9,1;18;9;8,2;0,34;14;43,95833333;11,33333333;15;29;2,15;0,616666667;0,25;1,273333333;0,093333333;22;0,5;35;61;13;23;48;3,7;1,4;0,4;1,37;0,18
347;13;DIC;D;0;12,4;5,5;23;8;9,1;0,53;44,83333333;57,95833333;20,16666667;24,58333333;14,78571429;3,183333333;1,1;0,383333333;1,496666667;0,13;17;0,7;136;83;23;34;35;4,5;2,1;0,5;1,75;0,22
348;14;DIC;L;0,2;14,1;8,8;21;10;8,1;0,44;41,25;58,41666667;19;31,83333333;15,57142857;4,383333333;1,1;0,666666667;1,566666667;0,126666667;15;0,5;86;73;20;38;31;8,4;2,3;1,1;1,71;0,24
349;15;DIC;M;0;15,6;8,8;19;9;10;0,62;94,16666667;70,29166667;27;48,83333333;11,71428571;6,5;1,483333333;1,1;1,73;0,153333333;17;0,9;161;86;29;59;31;10,3;2,6;2;2,1;0,26
350;16;DIC;X;0;15,3;6,9;17;9;12,5;0,69;103,4166667;68,16666667;27,33333333;47,5;8,428571429;6,466666667;1,516666667;0,9;1,436666667;0,156666667;21;1;275;110;33;64;26;9,2;2,8;1,5;1,61;0,22
351;17;DIC;J;0;15,1;6,6;15;8;13,6;0,8;137,75;79,41666667;31,33333333;55,83333333;8,214285714;7,8;1,7;2,083333333;1,533333333;0,206666667;22;1;302;118;35;71;26;13,7;3,2;3,3;1,79;0,28
352;18;DIC;V;0;15,1;7,6;12;6;13,2;0,77;124,6666667;79;32,33333333;53;8,571428571;8,216666667;1,9;1,6;1,49;0,196666667;22;1;308;124;36;68;25;11,9;3,3;2,3;1,7;0,27
353;19;DIC;S;0;15,4;6,1;17;9;12,8;0,71;93;72,29166667;31,5;47,33333333;10,42857143;6,516666667;1,716666667;1,016666667;1,51;0,16;21;0,9;240;106;35;61;27;10;3,2;1,8;1,7;0,2
354;20;DIC;D;0;14,8;6,8;31;12;10,1;0,54;46,75;56,95833333;24,5;41;11,78571429;3,666666667;1,2;0,483333333;1,416666667;0,126666667;17;0,7;154;83;25;50;29;5,8;2,7;0,8;1,53;0,18
355;21;DIC;L;0;13,7;5,7;21;9;11,1;0,67;90,66666667;72,875;29,33333333;41,16666667;10,71428571;6,333333333;1,733333333;0,833333333;1,57;0,156666667;19;0,9;164;92;31;55;28;8,5;3,3;1,5;1,81;0,22
356;22;DIC;M;0;14,7;5,2;21;13;13,2;0,78;115,375;80,29166667;23,5;33,58333333;11,78571429;7,783333333;1,8;1,033333333;1,49;0,156666667;20;1;262;114;28;46;29;10,5;3,5;1,8;1,68;0,2
357;23;DIC;X;0;14,3;4,9;19;10;14;0,78;125,1666667;82,375;26,5;36,25;10,64285714;8,6;1,9;1,2;1,526666667;0,173333333;21;1;315;130;29;52;30;12,7;3,3;2,5;1,76;0,22
358;24;DIC;J;0;10;3,2;10;4;12,3;0,67;95,20833333;66,75;31,83333333;35,91666667;8,428571429;6,133333333;1,633333333;0,583333333;1,68;0,156666667;18;0,8;221;96;36;49;26;8,7;3,4;1,2;2,05;0,21
359;25;DIC;V;0;12,8;3,3;19;11;11,2;0,62;66,33333333;57,91666667;36,16666667;36,16666667;14,14285714;4,383333333;1,533333333;0,45;1,53;0,14;20;0,8;204;92;40;56;34;6;2,9;0,8;1,71;0,21
360;26;DIC;S;0;11,1;3,8;21;9;10,4;0,52;43,70833333;52,45833333;24,5;25,58333333;16,14285714;2,716666667;1,05;0,316666667;1,386666667;0,113333333;18;0,7;133;75;31;40;35;3,9;2,2;0,4;1,48;0,19
361;27;DIC;D;0;13,8;5,9;23;13;11;0,43;20,58333333;38,83333333;12,83333333;17,75;25,92857143;1,516666667;0,733333333;0,166666667;1,32;0,093333333;29;0,7;101;70;18;31;51;2,1;1,4;0,3;1,42;0,17
362;28;DIC;L;0,7;14,1;6,4;30;14;9,7;0,39;23,16666667;48,83333333;14;26,91666667;24,57142857;2,04;0,6;0,22;1,31;0,086666667;19;0,5;70;69;15;31;42;2,5;1;0,3;1,37;0,16
363;29;DIC;M;0;10,7;6;22;9;7,9;0,34;24,33333333;43,29166667;11,5;15,91666667;27,57142857;1,88;0,52;0,26;1,296666667;0,08;15;0,4;60;56;15;26;45;2,6;0,9;0,5;1,37;0,15
364;30;DIC;X;0;10,4;7;18;9;8,2;0,35;18,45833333;42,54166667;9,333333333;15,08333333;26,71428571;2,916666667;0,733333333;0,266666667;1,343333333;0,086666667;14;0,4;56;58;12;24;43;7,5;1,8;0,4;1,49;0,16
365;31;DIC;J;0,6;12,2;9,2;22;10;8;0,38;23,75;43,45833333;11,16666667;14,33333333;17,07142857;3,05;0,816666667;0,233333333;1,366666667;0,083333333;14;0,5;55;56;14;22;32;8,3;1,9;0,4;1,53;0,16
